key	text	tooltip
#Loc;1;text/db/derpy_iron_court.loc		
effect_bundles_localised_title_derpy_ic_office_priest	High Priest of Hashut	false
effect_bundles_localised_description_derpy_ic_office_priest	The Father of Darkness is served loudly, and the people are quiet.	false
derpy_ic_effects_derpy_ic_office_priest	Control +6, Building income +12%	false
effect_bundles_localised_title_derpy_ic_vacant_priest	High Priest of Hashut (Vacant)	false
effect_bundles_localised_description_derpy_ic_vacant_priest	The temples stand unattended and the sermons go unsaid.	false
derpy_ic_effects_derpy_ic_vacant_priest	Control -6	false
effect_bundles_localised_title_derpy_ic_office_forge	Grand Overseer of the Forge	false
effect_bundles_localised_description_derpy_ic_office_forge	The forges of Zharr-Naggrund answer to one voice, and it is his.	false
derpy_ic_effects_derpy_ic_office_forge	Armaments +15%, Raw Materials +12%	false
effect_bundles_localised_title_derpy_ic_vacant_forge	Grand Overseer of the Forge (Vacant)	false
effect_bundles_localised_description_derpy_ic_vacant_forge	No hand guides the forges. Output slips and no one is blamed.	false
derpy_ic_effects_derpy_ic_vacant_forge	Armaments -6%	false
effect_bundles_localised_title_derpy_ic_office_ledger	Keeper of the Black Ledger	false
effect_bundles_localised_description_derpy_ic_office_ledger	Every debt in the Dark Lands is written down, and he holds the book.	false
derpy_ic_effects_derpy_ic_office_ledger	Building income +12%	false
effect_bundles_localised_title_derpy_ic_vacant_ledger	Keeper of the Black Ledger (Vacant)	false
effect_bundles_localised_description_derpy_ic_vacant_ledger	The books go unbalanced and the tribute arrives light.	false
derpy_ic_effects_derpy_ic_vacant_ledger	Building income -6%	false
effect_bundles_localised_title_derpy_ic_office_warden	Warden of the Marches	false
effect_bundles_localised_description_derpy_ic_office_warden	The outer holds are watched, and the watchers are paid on time.	false
derpy_ic_effects_derpy_ic_office_warden	Upkeep -10%, Replenishment +10%	false
effect_bundles_localised_title_derpy_ic_vacant_warden	Warden of the Marches (Vacant)	false
effect_bundles_localised_description_derpy_ic_vacant_warden	The marches keep themselves, badly and at their own expense.	false
derpy_ic_effects_derpy_ic_vacant_warden	Control -4	false
effect_bundles_localised_title_derpy_ic_office_hand	Hand of the Tower	false
effect_bundles_localised_description_derpy_ic_office_hand	He carries the Sorcerer-Prophets' word down the Tower, unaltered.	false
derpy_ic_effects_derpy_ic_office_hand	Research +10	false
effect_bundles_localised_title_derpy_ic_vacant_hand	Hand of the Tower (Vacant)	false
effect_bundles_localised_description_derpy_ic_vacant_hand	The Tower's word arrives late, and altered on the way.	false
derpy_ic_effects_derpy_ic_vacant_hand	Research -4	false
effect_bundles_localised_title_derpy_ic_office_chains	Keeper of the Chains	false
effect_bundles_localised_description_derpy_ic_office_chains	He counts the work gangs, and the gangs know he counts them.	false
derpy_ic_effects_derpy_ic_office_chains	Workload -15%	false
effect_bundles_localised_title_derpy_ic_vacant_chains	Keeper of the Chains (Vacant)	false
effect_bundles_localised_description_derpy_ic_vacant_chains	Uncounted, the work gangs move at their own pace.	false
derpy_ic_effects_derpy_ic_vacant_chains	Workload +6%	false
effect_bundles_localised_title_derpy_ic_office_pits	Master of the Pits	false
effect_bundles_localised_description_derpy_ic_office_pits	What comes back from a battlefield is his to sort and his to sell.	false
derpy_ic_effects_derpy_ic_office_pits	Post-battle Labour +24%	false
effect_bundles_localised_title_derpy_ic_vacant_pits	Master of the Pits (Vacant)	false
effect_bundles_localised_description_derpy_ic_vacant_pits	The spoils are picked over by whoever reaches them first.	false
derpy_ic_effects_derpy_ic_vacant_pits	Post-battle Labour -10%	false
effect_bundles_localised_title_derpy_ic_office_quarry	Master of the Quarries	false
effect_bundles_localised_description_derpy_ic_office_quarry	The black rock comes up faster when somebody is counting the carts.	false
derpy_ic_effects_derpy_ic_office_quarry	Raw Materials +9%	false
effect_bundles_localised_title_derpy_ic_vacant_quarry	Master of the Quarries (Vacant)	false
effect_bundles_localised_description_derpy_ic_vacant_quarry	The quarries run at the pace of the laziest overseer in them.	false
derpy_ic_effects_derpy_ic_vacant_quarry	Raw Materials -4%	false
effect_bundles_localised_title_derpy_ic_office_roads	Warden of the Caravan Roads	false
effect_bundles_localised_description_derpy_ic_office_roads	The roads out of Zharr are his, and they are quicker than they were.	false
derpy_ic_effects_derpy_ic_office_roads	Movement range +6%	false
effect_bundles_localised_title_derpy_ic_vacant_roads	Warden of the Caravan Roads (Vacant)	false
effect_bundles_localised_description_derpy_ic_vacant_roads	The roads are unwatched, and the caravans take the long way round.	false
derpy_ic_effects_derpy_ic_vacant_roads	Movement range -3%	false
effect_bundles_localised_title_derpy_ic_office_kilns	Keeper of the Kilns	false
effect_bundles_localised_description_derpy_ic_office_kilns	Brick and slag leave his kilns cheaper than anyone can explain.	false
derpy_ic_effects_derpy_ic_office_kilns	Construction cost -8%	false
effect_bundles_localised_title_derpy_ic_vacant_kilns	Keeper of the Kilns (Vacant)	false
effect_bundles_localised_description_derpy_ic_vacant_kilns	The kilns burn on unwatched, and the bill still arrives.	false
derpy_ic_effects_derpy_ic_vacant_kilns	Construction cost +4%	false
effect_bundles_localised_title_derpy_ic_office_fields	Steward of the Ash Fields	false
effect_bundles_localised_description_derpy_ic_office_fields	The hobgoblin tribes that work the ash fields march cheap for whoever feeds them.	false
derpy_ic_effects_derpy_ic_office_fields	Hobgoblin upkeep -15%	false
effect_bundles_localised_title_derpy_ic_vacant_fields	Steward of the Ash Fields (Vacant)	false
effect_bundles_localised_description_derpy_ic_vacant_fields	The ash fields go untended, and the hobgoblins want more to march.	false
derpy_ic_effects_derpy_ic_vacant_fields	Hobgoblin upkeep +5%	false
effect_bundles_localised_title_derpy_ic_office_scribes	Master of the Scribes	false
effect_bundles_localised_description_derpy_ic_office_scribes	His clerks know which door to knock on, and when.	false
derpy_ic_effects_derpy_ic_office_scribes	Hero success +8%	false
effect_bundles_localised_title_derpy_ic_vacant_scribes	Master of the Scribes (Vacant)	false
effect_bundles_localised_description_derpy_ic_vacant_scribes	The clerks knock on the wrong doors and are turned away.	false
derpy_ic_effects_derpy_ic_vacant_scribes	Hero success -4%	false
effect_bundles_localised_title_derpy_ic_office_muster	Warden of the Muster	false
effect_bundles_localised_description_derpy_ic_office_muster	He knows what a warrior costs, and he pays no more than that.	false
derpy_ic_effects_derpy_ic_office_muster	Recruitment cost -8%	false
effect_bundles_localised_title_derpy_ic_vacant_muster	Warden of the Muster (Vacant)	false
effect_bundles_localised_description_derpy_ic_vacant_muster	Every company is hired at whatever it asks for.	false
derpy_ic_effects_derpy_ic_vacant_muster	Recruitment cost +4%	false
effect_bundles_localised_title_derpy_ic_office_banners	Keeper of the Banners	false
effect_bundles_localised_description_derpy_ic_office_banners	Raiding is an accounting exercise, and he keeps the account.	false
derpy_ic_effects_derpy_ic_office_banners	Raiding income +10%	false
effect_bundles_localised_title_derpy_ic_vacant_banners	Keeper of the Banners (Vacant)	false
effect_bundles_localised_description_derpy_ic_vacant_banners	The raiders keep their own accounts, and most of the takings.	false
derpy_ic_effects_derpy_ic_vacant_banners	Raiding income -5%	false
effect_bundles_localised_title_derpy_ic_control_grip	An Iron Grip on the Court	false
effect_bundles_localised_description_derpy_ic_control_grip	Nothing moves in Zharr-Naggrund that the Crown did not set moving.	false
derpy_ic_effects_derpy_ic_control_grip	Control +6, Building income +12%, Upkeep -15%, Conclave Influence +5%	false
derpy_ic_control_name_grip	An Iron Grip on the Court	false
effect_bundles_localised_title_derpy_ic_control_mastery	Master of the Court	false
effect_bundles_localised_description_derpy_ic_control_mastery	The parties argue, and then they do as they are told.	false
derpy_ic_effects_derpy_ic_control_mastery	Control +4, Building income +8%, Upkeep -10%	false
derpy_ic_control_name_mastery	Master of the Court	false
effect_bundles_localised_title_derpy_ic_control_command	In Command of the Court	false
effect_bundles_localised_description_derpy_ic_control_command	The Crown leads the parties but cannot command them.	false
derpy_ic_effects_derpy_ic_control_command	Control +2	false
derpy_ic_control_name_command	In Command of the Court	false
effect_bundles_localised_title_derpy_ic_control_contested	A Contested Court	false
effect_bundles_localised_description_derpy_ic_control_contested	No decree passes without a bargain struck.	false
derpy_ic_effects_derpy_ic_control_contested	Control -2, Upkeep +5%	false
derpy_ic_control_name_contested	A Contested Court	false
effect_bundles_localised_title_derpy_ic_control_lost	The Court Is Not Yours	false
effect_bundles_localised_description_derpy_ic_control_lost	The parties rule. The Crown hears their decisions later.	false
derpy_ic_effects_derpy_ic_control_lost	Control -8, Upkeep +20%, Building income -15%, Conclave Influence -5%	false
derpy_ic_control_name_lost	The Court Is Not Yours	false
effect_bundles_localised_title_derpy_ic_doctrine_conclave	The Conclave	false
effect_bundles_localised_description_derpy_ic_doctrine_conclave	No one rules Zharr-Naggrund. Its Sorcerer-Prophets sit in council.	false
derpy_ic_effects_derpy_ic_doctrine_conclave	Research +5	false
derpy_ic_doctrine_name_conclave	The Conclave	false
derpy_ic_doctrine_rule_conclave	Office terms are shorter. A man may take a seat again after 1 turn.	false
effect_bundles_localised_title_derpy_ic_doctrine_priest	Rule of the High Priest	false
effect_bundles_localised_description_derpy_ic_doctrine_priest	The eldest priest rules in Hashut's name.	false
derpy_ic_effects_derpy_ic_doctrine_priest	Conclave Influence +10%	false
derpy_ic_doctrine_name_priest	Rule of the High Priest	false
derpy_ic_doctrine_rule_priest	Each rank a man gains is worth double influence. Battles are worth less.	false
effect_bundles_localised_title_derpy_ic_doctrine_forge	Rule of the Daemonsmiths	false
effect_bundles_localised_description_derpy_ic_doctrine_forge	The priest-artificers rule from the forges.	false
derpy_ic_effects_derpy_ic_doctrine_forge	Armaments +10%	false
derpy_ic_doctrine_name_forge	Rule of the Daemonsmiths	false
derpy_ic_doctrine_rule_forge	Governors earn more income. Men at court earn less influence each turn.	false
effect_bundles_localised_title_derpy_ic_doctrine_legion	Command of the Legion	false
effect_bundles_localised_description_derpy_ic_doctrine_legion	Rank in the court is won in the field.	false
derpy_ic_effects_derpy_ic_doctrine_legion	Upkeep -5%	false
derpy_ic_doctrine_name_legion	Command of the Legion	false
derpy_ic_doctrine_rule_legion	Battles are worth more influence and loyalty. Men at court earn no influence each turn.	false
effect_bundles_localised_title_derpy_ic_doctrine_chain	Rule of the Slave-Lords	false
effect_bundles_localised_description_derpy_ic_doctrine_chain	Fear holds the court as the chain holds the slave.	false
derpy_ic_effects_derpy_ic_doctrine_chain	Post-battle Labour +10%	false
derpy_ic_doctrine_name_chain	Rule of the Slave-Lords	false
derpy_ic_doctrine_rule_chain	Murder, Purge and Provoke cost less. A failed move costs double loyalty.	false
effect_bundles_localised_title_derpy_ic_doctrine_convoy	The Convoy Concern	false
effect_bundles_localised_description_derpy_ic_doctrine_convoy	Everything in the Dark Lands has a price.	false
derpy_ic_effects_derpy_ic_doctrine_convoy	Building income +5%	false
derpy_ic_doctrine_name_convoy	The Convoy Concern	false
derpy_ic_doctrine_rule_convoy	Gifts and oaths cost less gold. Embezzling angers the parties twice as much.	false
derpy_ic_law_cat_labour	Labour	false
effect_bundles_localised_title_derpy_ic_law_labour_measure	The Measure	false
effect_bundles_localised_description_derpy_ic_law_labour_measure	Keep the work gangs to their usual quotas.	false
derpy_ic_law_name_labour_measure	The Measure	false
effect_bundles_localised_title_derpy_ic_law_labour_lash	The Lash	false
effect_bundles_localised_description_derpy_ic_law_labour_lash	More slaves are taken. The lash works them to death.	false
derpy_ic_effects_derpy_ic_law_labour_lash	Captives +15%, Rush cost -30%, Labourer leadership -4	false
derpy_ic_law_name_labour_lash	The Lash	false
derpy_ic_law_fx1_labour_lash	Casualties captured post-battle: +15%	false
derpy_ic_law_fx2_labour_lash	Rush Construction Labour cost: -30%	false
derpy_ic_law_fx3_labour_lash	Leadership: -4 for Labourer units	false
effect_bundles_localised_title_derpy_ic_law_labour_kept	The Kept Stock	false
effect_bundles_localised_description_derpy_ic_law_labour_kept	Feed the stock. Keep it alive. Take fewer slaves.	false
derpy_ic_effects_derpy_ic_law_labour_kept	Labourer upkeep -50%, Labourer rank +2, Captives -10%	false
derpy_ic_law_name_labour_kept	The Kept Stock	false
derpy_ic_law_fx1_labour_kept	Upkeep: -50% for Labourers units	false
derpy_ic_law_fx2_labour_kept	Recruit rank: +2 for Labourer units	false
derpy_ic_law_fx3_labour_kept	Casualties captured post-battle: -10%	false
effect_bundles_localised_title_derpy_ic_law_labour_quota	The Furnace Quota	false
effect_bundles_localised_description_derpy_ic_law_labour_quota	The stock pays for every forge's quota.	false
derpy_ic_effects_derpy_ic_law_labour_quota	Workload -15%, Raw Materials used -15%, Labourer upkeep +25%	false
derpy_ic_law_name_labour_quota	The Furnace Quota	false
derpy_ic_law_fx1_labour_quota	Workload requirement for Raw Materials: -15%	false
derpy_ic_law_fx2_labour_quota	Raw Materials consumed per turn by buildings: -15%	false
derpy_ic_law_fx3_labour_quota	Upkeep: +25% for Labourers units	false
effect_bundles_localised_title_derpy_ic_law_labour_ash	The Ash Harvest	false
effect_bundles_localised_description_derpy_ic_law_labour_ash	Burn what cannot be held, people and all.	false
derpy_ic_effects_derpy_ic_law_labour_ash	Razing income +25%, Sacking income +15%, Captives -10%	false
derpy_ic_law_name_labour_ash	The Ash Harvest	false
derpy_ic_law_fx1_labour_ash	Income from razing settlements: +25%	false
derpy_ic_law_fx2_labour_ash	Income from sacking settlements: +15%	false
derpy_ic_law_fx3_labour_ash	Casualties captured post-battle: -10%	false
derpy_ic_law_cat_tribute	Tribute	false
effect_bundles_localised_title_derpy_ic_law_tribute_tithe	The Crown's Tithe	false
effect_bundles_localised_description_derpy_ic_law_tribute_tithe	The Crown collects its usual tithe.	false
derpy_ic_law_name_tribute_tithe	The Crown's Tithe	false
effect_bundles_localised_title_derpy_ic_law_tribute_roads	Open Roads	false
effect_bundles_localised_description_derpy_ic_law_tribute_roads	More convoys use the roads. Vassals pay less tribute.	false
derpy_ic_effects_derpy_ic_law_tribute_roads	Active Convoys +1, Convoy ambush -25%, Vassal tribute -20%	false
derpy_ic_law_name_tribute_roads	Open Roads	false
derpy_ic_law_fx1_tribute_roads	Maximum number of active Convoys: +1	false
derpy_ic_law_fx2_tribute_roads	Chance of Caravan intercept battle being an ambush: -25%	false
derpy_ic_law_fx3_tribute_roads	Tribute from [[img:icon_vassal]][[/img]]vassals: -20%	false
effect_bundles_localised_title_derpy_ic_law_tribute_tariff	The Ledger's Tariff	false
effect_bundles_localised_description_derpy_ic_law_tribute_tariff	The Ledger takes more from each route. Cargo sells for less.	false
derpy_ic_effects_derpy_ic_law_tribute_tariff	Convoy tariffs +5%, Refinery income +10%, Cargo value -10%	false
derpy_ic_law_name_tribute_tariff	The Ledger's Tariff	false
derpy_ic_law_fx1_tribute_tariff	Income from trade tariffs: +5% for every completed Convoy route	false
derpy_ic_law_fx2_tribute_tariff	Income from Refinery buildings: +10%	false
derpy_ic_law_fx3_tribute_tariff	Sale value of cargo: -10%	false
effect_bundles_localised_title_derpy_ic_law_tribute_mines	The Mines Before All	false
effect_bundles_localised_description_derpy_ic_law_tribute_mines	Supply the mines first. Convoys carry less.	false
derpy_ic_effects_derpy_ic_law_tribute_mines	Mine income +15%, Trade goods +10%, Cargo capacity -15%	false
derpy_ic_law_name_tribute_mines	The Mines Before All	false
derpy_ic_law_fx1_tribute_mines	Income from Iron Mines, Gold Mines and Stone Quarries: +15%	false
derpy_ic_law_fx2_tribute_mines	Tradable resources produced: +10%	false
derpy_ic_law_fx3_tribute_mines	Maximum Caravan cargo capacity: -15%	false
effect_bundles_localised_title_derpy_ic_law_tribute_charter	The Overseers' Charter	false
effect_bundles_localised_description_derpy_ic_law_tribute_charter	Charter the convoy overseers. The other houses resent their privilege.	false
derpy_ic_effects_derpy_ic_law_tribute_charter	Overseer rank +3, Overseer XP a turn +100, Chaos Dwarf ties -10	false
derpy_ic_law_name_tribute_charter	The Overseers' Charter	false
derpy_ic_law_fx1_tribute_charter	Lord recruit rank: +3 for Convoy Overseer	false
derpy_ic_law_fx2_tribute_charter	Experience per turn: +100 for Convoy Overseers	false
derpy_ic_law_fx3_tribute_charter	Diplomatic relations: -10 with Chaos Dwarfs	false
derpy_ic_law_cat_worship	Worship	false
effect_bundles_localised_title_derpy_ic_law_worship_rites	The Rites Kept	false
effect_bundles_localised_description_derpy_ic_law_worship_rites	The priests keep the customary rites.	false
derpy_ic_law_name_worship_rites	The Rites Kept	false
effect_bundles_localised_title_derpy_ic_law_worship_fires	The Fires Fed	false
effect_bundles_localised_description_derpy_ic_law_worship_fires	Feed Hashut's fires at the expense of building work.	false
derpy_ic_effects_derpy_ic_law_worship_fires	Conclave Influence +10%, Nearby corruption +1, Rush cost +15%	false
derpy_ic_law_name_worship_fires	The Fires Fed	false
derpy_ic_law_fx1_worship_fires	Conclave Influence gained from all sources: +10% 	false
derpy_ic_law_fx2_worship_fires	Chaos Undivided corruption in adjacent provinces: +1	false
derpy_ic_law_fx3_worship_fires	Rush Construction Labour cost: +15%	false
effect_bundles_localised_title_derpy_ic_law_worship_seats	Seats Bought in the Tower	false
effect_bundles_localised_description_derpy_ic_law_worship_seats	Sell seats in the Tower. The priests withhold their favour.	false
derpy_ic_effects_derpy_ic_law_worship_seats	Tower seat cost -25%, Conclave Influence -10%	false
derpy_ic_law_name_worship_seats	Seats Bought in the Tower	false
derpy_ic_law_fx1_worship_seats	Conclave Influence cost for Tower of Zharr Seats: -25%	false
derpy_ic_law_fx2_worship_seats	Conclave Influence gained from all sources: -10% 	false
effect_bundles_localised_title_derpy_ic_law_worship_lore	The Lore Taught	false
effect_bundles_localised_description_derpy_ic_law_worship_lore	Teach the Lore of Hashut widely, with less care.	false
derpy_ic_effects_derpy_ic_law_worship_lore	Hashut spell cost -10%, Hashut cooldown -10%, Miscast +15%	false
derpy_ic_law_name_worship_lore	The Lore Taught	false
derpy_ic_law_fx1_worship_lore	Winds of Magic cost: -10% for Lore of Hashut spells	false
derpy_ic_law_fx2_worship_lore	Cooldown: -10% to Lore of Hashut spells	false
derpy_ic_law_fx3_worship_lore	Miscast base chance: +15%	false
effect_bundles_localised_title_derpy_ic_law_worship_licence	The Daemonsmiths' Licence	false
effect_bundles_localised_description_derpy_ic_law_worship_licence	License the Daemonsmiths. The priests resent their privilege.	false
derpy_ic_effects_derpy_ic_law_worship_licence	K'daai resistance +10%, Temple build time -1, Conclave Influence -10%	false
derpy_ic_law_name_worship_licence	The Daemonsmiths' Licence	false
derpy_ic_law_fx1_worship_licence	Physical resistance: 10% for all K'daai units	false
derpy_ic_law_fx2_worship_licence	Construction time: -1 for Temple of Hashut buildings	false
derpy_ic_law_fx3_worship_licence	Conclave Influence gained from all sources: -10% 	false
derpy_ic_law_cat_war	War	false
effect_bundles_localised_title_derpy_ic_law_war_levy	The Levy	false
effect_bundles_localised_description_derpy_ic_law_war_levy	Raise the customary levy.	false
derpy_ic_law_name_war_levy	The Levy	false
effect_bundles_localised_title_derpy_ic_law_war_hellforge	The Hell-Forge Unbound	false
effect_bundles_localised_description_derpy_ic_law_war_hellforge	The Hell-Forge needs no leave to work. Infantry pays the bill.	false
derpy_ic_effects_derpy_ic_law_war_hellforge	Forge upgrade cost -10%, Forgecraft options +1, Infantry cost +10%	false
derpy_ic_law_name_war_hellforge	The Hell-Forge Unbound	false
derpy_ic_law_fx1_war_hellforge	Armaments cost: -10% for all unit capacity upgrades in the Hell-Forge	false
derpy_ic_law_fx2_war_hellforge	Maximum active Hell-Forge Forgecraft Options: +1	false
derpy_ic_law_fx3_war_hellforge	Recruitment cost: +10% for Chaos Dwarf Infantry units	false
effect_bundles_localised_title_derpy_ic_law_war_legions	Standing Legions	false
effect_bundles_localised_description_derpy_ic_law_war_legions	Keep the legions ready. The guns must wait.	false
derpy_ic_effects_derpy_ic_law_war_legions	Infantry rank +1, Infantry cost -10%, Artillery upkeep +10%	false
derpy_ic_law_name_war_legions	Standing Legions	false
derpy_ic_law_fx1_war_legions	Recruit rank: +1 for Chaos Dwarf Infantry	false
derpy_ic_law_fx2_war_legions	Recruitment cost: -10% for Chaos Dwarf Infantry units	false
derpy_ic_law_fx3_war_legions	Upkeep: +10% for Artillery and War Machine units	false
effect_bundles_localised_title_derpy_ic_law_war_grudge	The Old Grudge	false
effect_bundles_localised_description_derpy_ic_law_war_grudge	Pursue the old grudge against the Dwarfs at the labourers' expense.	false
derpy_ic_effects_derpy_ic_law_war_grudge	XP vs Dwarfs +100%, Labour upkeep +10%	false
derpy_ic_law_name_war_grudge	The Old Grudge	false
derpy_ic_law_fx1_war_grudge	Double experience gain for units when fighting against Dwarfs	false
derpy_ic_law_fx2_war_grudge	Upkeep: +10% for Labourers and Hobgoblin Infantry units	false
effect_bundles_localised_title_derpy_ic_law_war_gunnery	The Gunnery Doctrine	false
effect_bundles_localised_description_derpy_ic_law_war_gunnery	Supply the guns first. Shooters cost more to recruit.	false
derpy_ic_effects_derpy_ic_law_war_gunnery	Artillery explosive +10%, Artillery range +5%, Ranged cost +15%	false
derpy_ic_law_name_war_gunnery	The Gunnery Doctrine	false
derpy_ic_law_fx1_war_gunnery	Explosive missile damage: +10% for Iron Daemon and Artillery units	false
derpy_ic_law_fx2_war_gunnery	Range: +5% for Iron Daemon and Artillery units	false
derpy_ic_law_fx3_war_gunnery	Recruitment cost: +15% for all Missile Infantry, Artillery and War Machine units	false
effect_bundles_localised_title_derpy_ic_gov_base	Governor of the Province	false
effect_bundles_localised_description_derpy_ic_gov_base	The court's governor rules this province.	false
derpy_ic_effects_derpy_ic_gov_base	Control +2, Workload -5%	false
effect_bundles_localised_title_derpy_ic_gov_house_crown	Governor: The Crown	false
effect_bundles_localised_description_derpy_ic_gov_house_crown	Your retainers answer for this province.	false
derpy_ic_effects_derpy_ic_gov_house_crown	Control +4	false
effect_bundles_localised_title_derpy_ic_gov_house_temple	Governor: The Priesthood	false
effect_bundles_localised_description_derpy_ic_gov_house_temple	The temples take the province in hand and it grows for Hashut.	false
derpy_ic_effects_derpy_ic_gov_house_temple	Control +3	false
effect_bundles_localised_title_derpy_ic_gov_house_forge	Governor: The Forge	false
effect_bundles_localised_description_derpy_ic_gov_house_forge	Forge-guild overseers run the province like a workshop floor.	false
derpy_ic_effects_derpy_ic_gov_house_forge	Armaments +6%	false
effect_bundles_localised_title_derpy_ic_gov_house_chain	Governor: The Chain	false
effect_bundles_localised_description_derpy_ic_gov_house_chain	The slavers work the province to the bone and account for every hour.	false
derpy_ic_effects_derpy_ic_gov_house_chain	Post-battle Labour +10%	false
effect_bundles_localised_title_derpy_ic_gov_house_legion	Governor: The Legion	false
effect_bundles_localised_description_derpy_ic_gov_house_legion	A garrison town under a soldier costs less to keep than it should.	false
derpy_ic_effects_derpy_ic_gov_house_legion	Upkeep -6%	false
effect_bundles_localised_title_derpy_ic_gov_house_ledger	Governor: The Ledger	false
effect_bundles_localised_description_derpy_ic_gov_house_ledger	Brokers keep the province's books, and the tribute arrives whole.	false
derpy_ic_effects_derpy_ic_gov_house_ledger	Building income +6%	false
effect_bundles_localised_title_derpy_ic_gov_house_tower	Governor: The Tower	false
effect_bundles_localised_description_derpy_ic_gov_house_tower	Tower clerks read everything that passes through, and pass it on.	false
derpy_ic_effects_derpy_ic_gov_house_tower	Research +5	false
effect_bundles_localised_title_derpy_ic_gov_house_road	Governor: The Road	false
effect_bundles_localised_description_derpy_ic_gov_house_road	The caravan men keep the roads open whatever the season.	false
derpy_ic_effects_derpy_ic_gov_house_road	Movement range +4%	false
effect_bundles_localised_title_derpy_ic_gov_house_hearth	Governor: The Hearth	false
effect_bundles_localised_description_derpy_ic_gov_house_hearth	The old clans hold it, and men come back to the muster faster.	false
derpy_ic_effects_derpy_ic_gov_house_hearth	Replenishment +8%	false
effect_bundles_localised_title_derpy_ic_envoy_ctl	Envoy: Control	false
effect_bundles_localised_description_derpy_ic_envoy_ctl	The court's envoy keeps order here.	false
derpy_ic_effects_derpy_ic_envoy_ctl	Control +6	false
effect_bundles_localised_title_derpy_ic_envoy_arm	Envoy: Armaments	false
effect_bundles_localised_description_derpy_ic_envoy_arm	The court's envoy drives the forges here.	false
derpy_ic_effects_derpy_ic_envoy_arm	Armaments +20%	false
effect_bundles_localised_title_derpy_ic_envoy_raw	Envoy: Raw Materials	false
effect_bundles_localised_description_derpy_ic_envoy_raw	The court's envoy drives the mines harder.	false
derpy_ic_effects_derpy_ic_envoy_raw	Raw Materials +20%	false
effect_bundles_localised_title_derpy_ic_envoy_lab	Envoy: Labour	false
effect_bundles_localised_description_derpy_ic_envoy_lab	The court's envoy keeps more Labourers alive.	false
derpy_ic_effects_derpy_ic_envoy_lab	Labour loss -15%	false
derpy_ic_office_name_priest	High Priest of Hashut	false
derpy_ic_office_name_forge	Grand Overseer of the Forge	false
derpy_ic_office_name_ledger	Keeper of the Black Ledger	false
derpy_ic_office_name_warden	Warden of the Marches	false
derpy_ic_office_name_hand	Hand of the Tower	false
derpy_ic_office_name_chains	Keeper of the Chains	false
derpy_ic_office_name_pits	Master of the Pits	false
derpy_ic_office_name_quarry	Master of the Quarries	false
derpy_ic_office_name_roads	Warden of the Caravan Roads	false
derpy_ic_office_name_kilns	Keeper of the Kilns	false
derpy_ic_office_name_fields	Steward of the Ash Fields	false
derpy_ic_office_name_scribes	Master of the Scribes	false
derpy_ic_office_name_muster	Warden of the Muster	false
derpy_ic_office_name_banners	Keeper of the Banners	false
derpy_ic_party_name_crown	The Crown	false
derpy_ic_party_name_temple	The Priesthood	false
derpy_ic_party_name_forge	The Forge	false
derpy_ic_party_name_chain	The Chain	false
derpy_ic_party_name_legion	The Legion	false
derpy_ic_party_name_ledger	The Ledger	false
derpy_ic_party_name_tower	The Tower	false
derpy_ic_party_name_road	The Road	false
derpy_ic_party_name_hearth	The Hearth	false
derpy_ic_origin_name_khorakk	the House of Khorakk	false
derpy_ic_origin_name_uzkulak	the Warfleet of Uzkulak	false
derpy_ic_origin_name_artificers	Snakebeard's Artificers	false
derpy_ic_origin_name_fists	the Fists of Hashut	false
derpy_ic_origin_name_horns	the Horns of Hashut	false
derpy_ic_origin_name_baal	the House of Baal	false
derpy_ic_origin_name_azeros	the House of Azeros	false
derpy_ic_origin_name_bzaark	the House of Bzaark	false
derpy_ic_origin_name_blackdwarf	the Slaves of the Black Dwarf	false
derpy_ic_origin_name_kraken	the Black Kraken Armada	false
derpy_ic_origin_name_conclave	the Servants of the Conclave	false
derpy_ic_origin_name_astragoth	the Disciples of Hashut	false
derpy_ic_origin_name_azgorh	the Legion of Azgorh	false
derpy_ic_origin_name_zhatan	the Warhost of Zharr	false
derpy_ic_origin_name_skullstack	the Uzkul Mingol Company	false
derpy_ic_origin_name_zharrduk	the Overlords of Zharrduk	false
derpy_ic_origin_name_zharr	Zharr-Naggrund	false
derpy_ic_origin_name_plain	the Plain of Zharr	false
derpy_ic_origin_name_gorgoth	the Tower of Gorgoth	false
derpy_ic_origin_name_stump	Daemon's Stump	false
derpy_ic_origin_name_zornuzkul	Zorn Uzkul	false
derpy_ic_origin_name_gash	Gash Kadrak	false
derpy_ic_origin_name_mines	the Mines of Mingol	false
derpy_ic_origin_name_wastes	the Howling Wastes	false
derpy_ic_bg_name_household	Household Guard	false
derpy_ic_bg_name_blood	Blood of the Line	false
derpy_ic_bg_name_sworn	Sworn Hand	false
derpy_ic_bg_name_acolyte	Temple Acolyte	false
derpy_ic_bg_name_ashpriest	Ash-Priest	false
derpy_ic_bg_name_taurukh	Bull Centaur Taurukh	false
derpy_ic_bg_name_daemonsmith	Daemonsmith	false
derpy_ic_bg_name_gunnery	Gunnery Master	false
derpy_ic_bg_name_furnace	Furnace Master	false
derpy_ic_bg_name_overseer	Overseer of the Pits	false
derpy_ic_bg_name_driver	Slave-Driver	false
derpy_ic_bg_name_wrangler	Hobgoblin Wrangler	false
derpy_ic_bg_name_immortal	Immortal of Zharr	false
derpy_ic_bg_name_infernal	Infernal Guard	false
derpy_ic_bg_name_siege	Siege Captain	false
derpy_ic_bg_name_broker	Broker of Zharr	false
derpy_ic_bg_name_tribute	Tribute-Taker	false
derpy_ic_bg_name_harbour	Harbourmaster	false
derpy_ic_bg_name_apprentice	Sorcerer's Apprentice	false
derpy_ic_bg_name_clerk	Clerk of the Tower	false
derpy_ic_bg_name_omens	Reader of Omens	false
derpy_ic_bg_name_caravan	Caravan Master	false
derpy_ic_bg_name_roadwarden	Road Warden	false
derpy_ic_bg_name_pathfinder	Walker of the Wastes	false
derpy_ic_bg_name_ashfarmer	Ash-Farmer	false
derpy_ic_bg_name_kiln	Kiln-Keeper	false
derpy_ic_bg_name_elder	Clan Elder	false
character_trait_levels_onscreen_name_derpy_ic_standing_0	Unproven at Court	false
character_trait_levels_colour_text_derpy_ic_standing_0	The Iron Court has yet to learn his name.	false
character_trait_levels_explanation_text_derpy_ic_standing_0	Too little influence for any seat at court. Influence is earned by winning battles, taking settlements, gaining ranks and holding a seat.	false
character_trait_levels_removal_text_derpy_ic_standing_0	His influence at court has changed.	false
character_trait_levels_onscreen_name_derpy_ic_standing_1	Fit for the Apex	false
character_trait_levels_colour_text_derpy_ic_standing_1	There is no room above him but Hashut's own.	false
character_trait_levels_explanation_text_derpy_ic_standing_1	Has enough influence for any seat, the Apex included.	false
character_trait_levels_removal_text_derpy_ic_standing_1	His influence at court has changed.	false
character_trait_levels_onscreen_name_derpy_ic_standing_2	Weighed at Court	false
character_trait_levels_colour_text_derpy_ic_standing_2	The old ones have stopped talking over him when he speaks.	false
character_trait_levels_explanation_text_derpy_ic_standing_2	Has enough influence for a seat at the High Table.	false
character_trait_levels_removal_text_derpy_ic_standing_2	His influence at court has changed.	false
character_trait_levels_onscreen_name_derpy_ic_standing_3	Spoken For at Court	false
character_trait_levels_colour_text_derpy_ic_standing_3	A party has spoken for him at court.	false
character_trait_levels_explanation_text_derpy_ic_standing_3	Has enough influence for a seat on the Broad Step.	false
character_trait_levels_removal_text_derpy_ic_standing_3	His influence at court has changed.	false
character_trait_levels_onscreen_name_derpy_ic_standing_4	Noticed at Court	false
character_trait_levels_colour_text_derpy_ic_standing_4	The court has begun to say his name.	false
character_trait_levels_explanation_text_derpy_ic_standing_4	Has enough influence for a seat on the Lower Step, the lowest tier.	false
character_trait_levels_removal_text_derpy_ic_standing_4	His influence at court has changed.	false
character_trait_levels_onscreen_name_derpy_ic_ambition_cautious	Cautious	false
character_trait_levels_colour_text_derpy_ic_ambition_cautious	He keeps his head down and his claims modest.	false
character_trait_levels_explanation_text_derpy_ic_ambition_cautious	His influence counts 25% less towards his party's.	false
character_trait_levels_removal_text_derpy_ic_ambition_cautious	His ambition does not change.	false
character_trait_levels_onscreen_name_derpy_ic_ambition_steady	Steady	false
character_trait_levels_colour_text_derpy_ic_ambition_steady	He asks for what he is owed, and no more.	false
character_trait_levels_explanation_text_derpy_ic_ambition_steady	His influence counts as usual towards his party's.	false
character_trait_levels_removal_text_derpy_ic_ambition_steady	His ambition does not change.	false
character_trait_levels_onscreen_name_derpy_ic_ambition_ambitious	Ambitious	false
character_trait_levels_colour_text_derpy_ic_ambition_ambitious	Every honour becomes another claim on the Iron Court.	false
character_trait_levels_explanation_text_derpy_ic_ambition_ambitious	His influence counts 25% more towards his party's.	false
character_trait_levels_removal_text_derpy_ic_ambition_ambitious	His ambition does not change.	false
character_trait_levels_onscreen_name_derpy_ic_house_khorakk	Born: The House of Khorakk	false
character_trait_levels_colour_text_derpy_ic_house_khorakk	Born to the bull-cult. He demands the respect due to it.	false
character_trait_levels_explanation_text_derpy_ic_house_khorakk	Where he was born. It has no effect at court.	false
character_trait_levels_removal_text_derpy_ic_house_khorakk	His origin has been struck from the rolls.	false
character_trait_levels_onscreen_name_derpy_ic_house_uzkulak	Born: The Warfleet of Uzkulak	false
character_trait_levels_colour_text_derpy_ic_house_uzkulak	Raised on a deck, counting other men's cargo.	false
character_trait_levels_explanation_text_derpy_ic_house_uzkulak	Where he was born. It has no effect at court.	false
character_trait_levels_removal_text_derpy_ic_house_uzkulak	His origin has been struck from the rolls.	false
character_trait_levels_onscreen_name_derpy_ic_house_artificers	Born: Snakebeard's Artificers	false
character_trait_levels_colour_text_derpy_ic_house_artificers	Snakebeard's people take apart anything that holds still.	false
character_trait_levels_explanation_text_derpy_ic_house_artificers	Where he was born. It has no effect at court.	false
character_trait_levels_removal_text_derpy_ic_house_artificers	His origin has been struck from the rolls.	false
character_trait_levels_onscreen_name_derpy_ic_house_fists	Born: The Fists of Hashut	false
character_trait_levels_colour_text_derpy_ic_house_fists	Temple drills left scars he wears with pride.	false
character_trait_levels_explanation_text_derpy_ic_house_fists	Where he was born. It has no effect at court.	false
character_trait_levels_removal_text_derpy_ic_house_fists	His origin has been struck from the rolls.	false
character_trait_levels_onscreen_name_derpy_ic_house_horns	Born: The Horns of Hashut	false
character_trait_levels_colour_text_derpy_ic_house_horns	The Horns raise their sons lean and keep them that way.	false
character_trait_levels_explanation_text_derpy_ic_house_horns	Where he was born. It has no effect at court.	false
character_trait_levels_removal_text_derpy_ic_house_horns	His origin has been struck from the rolls.	false
character_trait_levels_onscreen_name_derpy_ic_house_baal	Born: The House of Baal	false
character_trait_levels_colour_text_derpy_ic_house_baal	Baal's kin smell of burnt brass and do not apologise for it.	false
character_trait_levels_explanation_text_derpy_ic_house_baal	Where he was born. It has no effect at court.	false
character_trait_levels_removal_text_derpy_ic_house_baal	His origin has been struck from the rolls.	false
character_trait_levels_onscreen_name_derpy_ic_house_azeros	Born: The House of Azeros	false
character_trait_levels_colour_text_derpy_ic_house_azeros	Azeros builds. His people measure a thing before they hate it.	false
character_trait_levels_explanation_text_derpy_ic_house_azeros	Where he was born. It has no effect at court.	false
character_trait_levels_removal_text_derpy_ic_house_azeros	His origin has been struck from the rolls.	false
character_trait_levels_onscreen_name_derpy_ic_house_bzaark	Born: The House of Bzaark	false
character_trait_levels_colour_text_derpy_ic_house_bzaark	Few survive Bzaark's household. He did.	false
character_trait_levels_explanation_text_derpy_ic_house_bzaark	Where he was born. It has no effect at court.	false
character_trait_levels_removal_text_derpy_ic_house_bzaark	His origin has been struck from the rolls.	false
character_trait_levels_onscreen_name_derpy_ic_house_blackdwarf	Born: The Slaves of the Black Dwarf	false
character_trait_levels_colour_text_derpy_ic_house_blackdwarf	Sworn to the Black Dwarf, which is not the same as being free.	false
character_trait_levels_explanation_text_derpy_ic_house_blackdwarf	Where he was born. It has no effect at court.	false
character_trait_levels_removal_text_derpy_ic_house_blackdwarf	His origin has been struck from the rolls.	false
character_trait_levels_onscreen_name_derpy_ic_house_kraken	Born: The Black Kraken Armada	false
character_trait_levels_colour_text_derpy_ic_house_kraken	The Armada raised him. It still expects its due.	false
character_trait_levels_explanation_text_derpy_ic_house_kraken	Where he was born. It has no effect at court.	false
character_trait_levels_removal_text_derpy_ic_house_kraken	His origin has been struck from the rolls.	false
character_trait_levels_onscreen_name_derpy_ic_house_conclave	Born: The Servants of the Conclave	false
character_trait_levels_colour_text_derpy_ic_house_conclave	He names the tower that taught him before he gives his own name.	false
character_trait_levels_explanation_text_derpy_ic_house_conclave	Where he was born. It has no effect at court.	false
character_trait_levels_removal_text_derpy_ic_house_conclave	His origin has been struck from the rolls.	false
character_trait_levels_onscreen_name_derpy_ic_house_astragoth	Born: The Disciples of Hashut	false
character_trait_levels_colour_text_derpy_ic_house_astragoth	Old blood and old rites. His back has never bent.	false
character_trait_levels_explanation_text_derpy_ic_house_astragoth	Where he was born. It has no effect at court.	false
character_trait_levels_removal_text_derpy_ic_house_astragoth	His origin has been struck from the rolls.	false
character_trait_levels_onscreen_name_derpy_ic_house_azgorh	Born: The Legion of Azgorh	false
character_trait_levels_colour_text_derpy_ic_house_azgorh	Azgorh's forges left their smell in his clothes.	false
character_trait_levels_explanation_text_derpy_ic_house_azgorh	Where he was born. It has no effect at court.	false
character_trait_levels_removal_text_derpy_ic_house_azgorh	His origin has been struck from the rolls.	false
character_trait_levels_onscreen_name_derpy_ic_house_zhatan	Born: The Warhost of Zharr	false
character_trait_levels_colour_text_derpy_ic_house_zhatan	Raised in the Warhost, where a man is his last campaign.	false
character_trait_levels_explanation_text_derpy_ic_house_zhatan	Where he was born. It has no effect at court.	false
character_trait_levels_removal_text_derpy_ic_house_zhatan	His origin has been struck from the rolls.	false
character_trait_levels_onscreen_name_derpy_ic_house_skullstack	Born: The Uzkul Mingol Company	false
character_trait_levels_colour_text_derpy_ic_house_skullstack	Company-raised: he prices a man before he greets him.	false
character_trait_levels_explanation_text_derpy_ic_house_skullstack	Where he was born. It has no effect at court.	false
character_trait_levels_removal_text_derpy_ic_house_skullstack	His origin has been struck from the rolls.	false
character_trait_levels_onscreen_name_derpy_ic_house_zharrduk	Born: The Overlords of Zharrduk	false
character_trait_levels_colour_text_derpy_ic_house_zharrduk	He learned to run a province on the Plain of Zharrduk.	false
character_trait_levels_explanation_text_derpy_ic_house_zharrduk	Where he was born. It has no effect at court.	false
character_trait_levels_removal_text_derpy_ic_house_zharrduk	His origin has been struck from the rolls.	false
character_trait_levels_onscreen_name_derpy_ic_house_zharr	Born: Zharr-Naggrund	false
character_trait_levels_colour_text_derpy_ic_house_zharr	The Tower loomed over his childhood. Little impresses him now.	false
character_trait_levels_explanation_text_derpy_ic_house_zharr	Where he was born. It has no effect at court.	false
character_trait_levels_removal_text_derpy_ic_house_zharr	His origin has been struck from the rolls.	false
character_trait_levels_onscreen_name_derpy_ic_house_plain	Born: The Plain of Zharr	false
character_trait_levels_colour_text_derpy_ic_house_plain	Plain-bred: he measures everything against a horizon.	false
character_trait_levels_explanation_text_derpy_ic_house_plain	Where he was born. It has no effect at court.	false
character_trait_levels_removal_text_derpy_ic_house_plain	His origin has been struck from the rolls.	false
character_trait_levels_onscreen_name_derpy_ic_house_gorgoth	Born: The Tower of Gorgoth	false
character_trait_levels_colour_text_derpy_ic_house_gorgoth	He learned early to survive Gorgoth's pits.	false
character_trait_levels_explanation_text_derpy_ic_house_gorgoth	Where he was born. It has no effect at court.	false
character_trait_levels_removal_text_derpy_ic_house_gorgoth	His origin has been struck from the rolls.	false
character_trait_levels_onscreen_name_derpy_ic_house_stump	Born: Daemon's Stump	false
character_trait_levels_colour_text_derpy_ic_house_stump	From the Stump, where the ground is still warm.	false
character_trait_levels_explanation_text_derpy_ic_house_stump	Where he was born. It has no effect at court.	false
character_trait_levels_removal_text_derpy_ic_house_stump	His origin has been struck from the rolls.	false
character_trait_levels_onscreen_name_derpy_ic_house_zornuzkul	Born: Zorn Uzkul	false
character_trait_levels_colour_text_derpy_ic_house_zornuzkul	Born on the Great Skull Land. He does not discuss it.	false
character_trait_levels_explanation_text_derpy_ic_house_zornuzkul	Where he was born. It has no effect at court.	false
character_trait_levels_removal_text_derpy_ic_house_zornuzkul	His origin has been struck from the rolls.	false
character_trait_levels_onscreen_name_derpy_ic_house_gash	Born: Gash Kadrak	false
character_trait_levels_colour_text_derpy_ic_house_gash	He grew up armed in the orc country of Gash Kadrak.	false
character_trait_levels_explanation_text_derpy_ic_house_gash	Where he was born. It has no effect at court.	false
character_trait_levels_removal_text_derpy_ic_house_gash	His origin has been struck from the rolls.	false
character_trait_levels_onscreen_name_derpy_ic_house_mines	Born: The Mines of Mingol	false
character_trait_levels_colour_text_derpy_ic_house_mines	He grew up in the mines. Open sky still makes him uneasy.	false
character_trait_levels_explanation_text_derpy_ic_house_mines	Where he was born. It has no effect at court.	false
character_trait_levels_removal_text_derpy_ic_house_mines	His origin has been struck from the rolls.	false
character_trait_levels_onscreen_name_derpy_ic_house_wastes	Born: The Howling Wastes	false
character_trait_levels_colour_text_derpy_ic_house_wastes	Born in the Wastes. He still eats as though food might run out.	false
character_trait_levels_explanation_text_derpy_ic_house_wastes	Where he was born. It has no effect at court.	false
character_trait_levels_removal_text_derpy_ic_house_wastes	His origin has been struck from the rolls.	false
character_trait_levels_onscreen_name_derpy_ic_bg_household	Household Guard	false
character_trait_levels_colour_text_derpy_ic_bg_household	He stood at your door before he ever stood in a battle line.	false
character_trait_levels_explanation_text_derpy_ic_bg_household	His former trade. It decides which party he sits with.	false
character_trait_levels_removal_text_derpy_ic_bg_household	He no longer follows this trade.	false
character_trait_levels_onscreen_name_derpy_ic_bg_blood	Blood of the Line	false
character_trait_levels_colour_text_derpy_ic_bg_blood	He knows how close he is to the throne.	false
character_trait_levels_explanation_text_derpy_ic_bg_blood	His former trade. It decides which party he sits with.	false
character_trait_levels_removal_text_derpy_ic_bg_blood	He no longer follows this trade.	false
character_trait_levels_onscreen_name_derpy_ic_bg_sworn	Sworn Hand	false
character_trait_levels_colour_text_derpy_ic_bg_sworn	He swore to the throne in person. He keeps his word.	false
character_trait_levels_explanation_text_derpy_ic_bg_sworn	His former trade. It decides which party he sits with.	false
character_trait_levels_removal_text_derpy_ic_bg_sworn	He no longer follows this trade.	false
character_trait_levels_onscreen_name_derpy_ic_bg_acolyte	Temple Acolyte	false
character_trait_levels_colour_text_derpy_ic_bg_acolyte	Temple-raised. He still says the words under his breath.	false
character_trait_levels_explanation_text_derpy_ic_bg_acolyte	His former trade. It decides which party he sits with.	false
character_trait_levels_removal_text_derpy_ic_bg_acolyte	He no longer follows this trade.	false
character_trait_levels_onscreen_name_derpy_ic_bg_ashpriest	Ash-Priest	false
character_trait_levels_colour_text_derpy_ic_bg_ashpriest	He has burned enough offerings to have stopped smelling them.	false
character_trait_levels_explanation_text_derpy_ic_bg_ashpriest	His former trade. It decides which party he sits with.	false
character_trait_levels_removal_text_derpy_ic_bg_ashpriest	He no longer follows this trade.	false
character_trait_levels_onscreen_name_derpy_ic_bg_taurukh	Bull Centaur Taurukh	false
character_trait_levels_colour_text_derpy_ic_bg_taurukh	Half bull and wholly zealot, like all his kind.	false
character_trait_levels_explanation_text_derpy_ic_bg_taurukh	His former trade. It decides which party he sits with.	false
character_trait_levels_removal_text_derpy_ic_bg_taurukh	He no longer follows this trade.	false
character_trait_levels_onscreen_name_derpy_ic_bg_daemonsmith	Daemonsmith	false
character_trait_levels_colour_text_derpy_ic_bg_daemonsmith	He talks to the daemons he binds. Sometimes they answer.	false
character_trait_levels_explanation_text_derpy_ic_bg_daemonsmith	His former trade. It decides which party he sits with.	false
character_trait_levels_removal_text_derpy_ic_bg_daemonsmith	He no longer follows this trade.	false
character_trait_levels_onscreen_name_derpy_ic_bg_gunnery	Gunnery Master	false
character_trait_levels_colour_text_derpy_ic_bg_gunnery	He can tell you what a barrel will do before it does it.	false
character_trait_levels_explanation_text_derpy_ic_bg_gunnery	His former trade. It decides which party he sits with.	false
character_trait_levels_removal_text_derpy_ic_bg_gunnery	He no longer follows this trade.	false
character_trait_levels_onscreen_name_derpy_ic_bg_furnace	Furnace Master	false
character_trait_levels_colour_text_derpy_ic_bg_furnace	Twenty years at a furnace mouth. His eyes are not what they were.	false
character_trait_levels_explanation_text_derpy_ic_bg_furnace	His former trade. It decides which party he sits with.	false
character_trait_levels_removal_text_derpy_ic_bg_furnace	He no longer follows this trade.	false
character_trait_levels_onscreen_name_derpy_ic_bg_overseer	Overseer of the Pits	false
character_trait_levels_colour_text_derpy_ic_bg_overseer	He counts a work gang the way other men count coin.	false
character_trait_levels_explanation_text_derpy_ic_bg_overseer	His former trade. It decides which party he sits with.	false
character_trait_levels_removal_text_derpy_ic_bg_overseer	He no longer follows this trade.	false
character_trait_levels_onscreen_name_derpy_ic_bg_driver	Slave-Driver	false
character_trait_levels_colour_text_derpy_ic_bg_driver	He laughs while he works the lash.	false
character_trait_levels_explanation_text_derpy_ic_bg_driver	His former trade. It decides which party he sits with.	false
character_trait_levels_removal_text_derpy_ic_bg_driver	He no longer follows this trade.	false
character_trait_levels_onscreen_name_derpy_ic_bg_wrangler	Hobgoblin Wrangler	false
character_trait_levels_colour_text_derpy_ic_bg_wrangler	He handles hobgoblins, which means he trusts nothing that moves.	false
character_trait_levels_explanation_text_derpy_ic_bg_wrangler	His former trade. It decides which party he sits with.	false
character_trait_levels_removal_text_derpy_ic_bg_wrangler	He no longer follows this trade.	false
character_trait_levels_onscreen_name_derpy_ic_bg_immortal	Immortal of Zharr	false
character_trait_levels_colour_text_derpy_ic_bg_immortal	He has stood in the front rank and expects the courtesy of it.	false
character_trait_levels_explanation_text_derpy_ic_bg_immortal	His former trade. It decides which party he sits with.	false
character_trait_levels_removal_text_derpy_ic_bg_immortal	He no longer follows this trade.	false
character_trait_levels_onscreen_name_derpy_ic_bg_infernal	Infernal Guard	false
character_trait_levels_colour_text_derpy_ic_bg_infernal	Masked so long that the face underneath is a rumour.	false
character_trait_levels_explanation_text_derpy_ic_bg_infernal	His former trade. It decides which party he sits with.	false
character_trait_levels_removal_text_derpy_ic_bg_infernal	He no longer follows this trade.	false
character_trait_levels_onscreen_name_derpy_ic_bg_siege	Siege Captain	false
character_trait_levels_colour_text_derpy_ic_bg_siege	He has taken walls down for a living and finds doors insulting.	false
character_trait_levels_explanation_text_derpy_ic_bg_siege	His former trade. It decides which party he sits with.	false
character_trait_levels_removal_text_derpy_ic_bg_siege	He no longer follows this trade.	false
character_trait_levels_onscreen_name_derpy_ic_bg_broker	Broker of Zharr	false
character_trait_levels_colour_text_derpy_ic_bg_broker	He prices everything, including this conversation.	false
character_trait_levels_explanation_text_derpy_ic_bg_broker	His former trade. It decides which party he sits with.	false
character_trait_levels_removal_text_derpy_ic_bg_broker	He no longer follows this trade.	false
character_trait_levels_onscreen_name_derpy_ic_bg_tribute	Tribute-Taker	false
character_trait_levels_colour_text_derpy_ic_bg_tribute	He collects from those who cannot pay. Coin is only one way.	false
character_trait_levels_explanation_text_derpy_ic_bg_tribute	His former trade. It decides which party he sits with.	false
character_trait_levels_removal_text_derpy_ic_bg_tribute	He no longer follows this trade.	false
character_trait_levels_onscreen_name_derpy_ic_bg_harbour	Harbourmaster	false
character_trait_levels_colour_text_derpy_ic_bg_harbour	He knows what every hull on the Sea of Dread is carrying.	false
character_trait_levels_explanation_text_derpy_ic_bg_harbour	His former trade. It decides which party he sits with.	false
character_trait_levels_removal_text_derpy_ic_bg_harbour	He no longer follows this trade.	false
character_trait_levels_onscreen_name_derpy_ic_bg_apprentice	Sorcerer's Apprentice	false
character_trait_levels_colour_text_derpy_ic_bg_apprentice	Never finished the Tower. Nobody asks him why.	false
character_trait_levels_explanation_text_derpy_ic_bg_apprentice	His former trade. It decides which party he sits with.	false
character_trait_levels_removal_text_derpy_ic_bg_apprentice	He no longer follows this trade.	false
character_trait_levels_onscreen_name_derpy_ic_bg_clerk	Clerk of the Tower	false
character_trait_levels_colour_text_derpy_ic_bg_clerk	He has read more of the Tower's word than he was meant to.	false
character_trait_levels_explanation_text_derpy_ic_bg_clerk	His former trade. It decides which party he sits with.	false
character_trait_levels_removal_text_derpy_ic_bg_clerk	He no longer follows this trade.	false
character_trait_levels_onscreen_name_derpy_ic_bg_omens	Reader of Omens	false
character_trait_levels_colour_text_derpy_ic_bg_omens	He reads the sky and tells you only what you need to hear.	false
character_trait_levels_explanation_text_derpy_ic_bg_omens	His former trade. It decides which party he sits with.	false
character_trait_levels_removal_text_derpy_ic_bg_omens	He no longer follows this trade.	false
character_trait_levels_onscreen_name_derpy_ic_bg_caravan	Caravan Master	false
character_trait_levels_colour_text_derpy_ic_bg_caravan	He has crossed the Wastes enough times to have stopped counting.	false
character_trait_levels_explanation_text_derpy_ic_bg_caravan	His former trade. It decides which party he sits with.	false
character_trait_levels_removal_text_derpy_ic_bg_caravan	He no longer follows this trade.	false
character_trait_levels_onscreen_name_derpy_ic_bg_roadwarden	Road Warden	false
character_trait_levels_colour_text_derpy_ic_bg_roadwarden	He keeps a road open by making the alternative worse.	false
character_trait_levels_explanation_text_derpy_ic_bg_roadwarden	His former trade. It decides which party he sits with.	false
character_trait_levels_removal_text_derpy_ic_bg_roadwarden	He no longer follows this trade.	false
character_trait_levels_onscreen_name_derpy_ic_bg_pathfinder	Walker of the Wastes	false
character_trait_levels_colour_text_derpy_ic_bg_pathfinder	He goes out further than anyone sensible and comes back.	false
character_trait_levels_explanation_text_derpy_ic_bg_pathfinder	His former trade. It decides which party he sits with.	false
character_trait_levels_removal_text_derpy_ic_bg_pathfinder	He no longer follows this trade.	false
character_trait_levels_onscreen_name_derpy_ic_bg_ashfarmer	Ash-Farmer	false
character_trait_levels_colour_text_derpy_ic_bg_ashfarmer	He grows food in ash. His clan doubts it until they eat.	false
character_trait_levels_explanation_text_derpy_ic_bg_ashfarmer	His former trade. It decides which party he sits with.	false
character_trait_levels_removal_text_derpy_ic_bg_ashfarmer	He no longer follows this trade.	false
character_trait_levels_onscreen_name_derpy_ic_bg_kiln	Kiln-Keeper	false
character_trait_levels_colour_text_derpy_ic_bg_kiln	He smells of slag and can judge a firing by the sound.	false
character_trait_levels_explanation_text_derpy_ic_bg_kiln	His former trade. It decides which party he sits with.	false
character_trait_levels_removal_text_derpy_ic_bg_kiln	He no longer follows this trade.	false
character_trait_levels_onscreen_name_derpy_ic_bg_elder	Clan Elder	false
character_trait_levels_colour_text_derpy_ic_bg_elder	His clan is small. He remembers every slight against it.	false
character_trait_levels_explanation_text_derpy_ic_bg_elder	His former trade. It decides which party he sits with.	false
character_trait_levels_removal_text_derpy_ic_bg_elder	He no longer follows this trade.	false
character_trait_levels_onscreen_name_derpy_ic_member_crown	Party: The Crown	false
character_trait_levels_colour_text_derpy_ic_member_crown	He answers to you, and the court knows it.	false
character_trait_levels_explanation_text_derpy_ic_member_crown	His party at court. Changes when parties form, break away or dissolve.	false
character_trait_levels_removal_text_derpy_ic_member_crown	He sits with another party now.	false
character_trait_levels_onscreen_name_derpy_ic_member_khorakk	Party: The House of Khorakk	false
character_trait_levels_colour_text_derpy_ic_member_khorakk	His house came over whole and still keeps its own counsel.	false
character_trait_levels_explanation_text_derpy_ic_member_khorakk	His party at court. Changes when parties form, break away or dissolve.	false
character_trait_levels_removal_text_derpy_ic_member_khorakk	He sits with another party now.	false
character_trait_levels_onscreen_name_derpy_ic_member_uzkulak	Party: The Warfleet of Uzkulak	false
character_trait_levels_colour_text_derpy_ic_member_uzkulak	His house came over whole and still keeps its own counsel.	false
character_trait_levels_explanation_text_derpy_ic_member_uzkulak	His party at court. Changes when parties form, break away or dissolve.	false
character_trait_levels_removal_text_derpy_ic_member_uzkulak	He sits with another party now.	false
character_trait_levels_onscreen_name_derpy_ic_member_artificers	Party: Snakebeard's Artificers	false
character_trait_levels_colour_text_derpy_ic_member_artificers	His house came over whole and still keeps its own counsel.	false
character_trait_levels_explanation_text_derpy_ic_member_artificers	His party at court. Changes when parties form, break away or dissolve.	false
character_trait_levels_removal_text_derpy_ic_member_artificers	He sits with another party now.	false
character_trait_levels_onscreen_name_derpy_ic_member_fists	Party: The Fists of Hashut	false
character_trait_levels_colour_text_derpy_ic_member_fists	His house came over whole and still keeps its own counsel.	false
character_trait_levels_explanation_text_derpy_ic_member_fists	His party at court. Changes when parties form, break away or dissolve.	false
character_trait_levels_removal_text_derpy_ic_member_fists	He sits with another party now.	false
character_trait_levels_onscreen_name_derpy_ic_member_horns	Party: The Horns of Hashut	false
character_trait_levels_colour_text_derpy_ic_member_horns	His house came over whole and still keeps its own counsel.	false
character_trait_levels_explanation_text_derpy_ic_member_horns	His party at court. Changes when parties form, break away or dissolve.	false
character_trait_levels_removal_text_derpy_ic_member_horns	He sits with another party now.	false
character_trait_levels_onscreen_name_derpy_ic_member_baal	Party: The House of Baal	false
character_trait_levels_colour_text_derpy_ic_member_baal	His house came over whole and still keeps its own counsel.	false
character_trait_levels_explanation_text_derpy_ic_member_baal	His party at court. Changes when parties form, break away or dissolve.	false
character_trait_levels_removal_text_derpy_ic_member_baal	He sits with another party now.	false
character_trait_levels_onscreen_name_derpy_ic_member_azeros	Party: The House of Azeros	false
character_trait_levels_colour_text_derpy_ic_member_azeros	His house came over whole and still keeps its own counsel.	false
character_trait_levels_explanation_text_derpy_ic_member_azeros	His party at court. Changes when parties form, break away or dissolve.	false
character_trait_levels_removal_text_derpy_ic_member_azeros	He sits with another party now.	false
character_trait_levels_onscreen_name_derpy_ic_member_bzaark	Party: The House of Bzaark	false
character_trait_levels_colour_text_derpy_ic_member_bzaark	His house came over whole and still keeps its own counsel.	false
character_trait_levels_explanation_text_derpy_ic_member_bzaark	His party at court. Changes when parties form, break away or dissolve.	false
character_trait_levels_removal_text_derpy_ic_member_bzaark	He sits with another party now.	false
character_trait_levels_onscreen_name_derpy_ic_member_blackdwarf	Party: The Slaves of the Black Dwarf	false
character_trait_levels_colour_text_derpy_ic_member_blackdwarf	His house came over whole and still keeps its own counsel.	false
character_trait_levels_explanation_text_derpy_ic_member_blackdwarf	His party at court. Changes when parties form, break away or dissolve.	false
character_trait_levels_removal_text_derpy_ic_member_blackdwarf	He sits with another party now.	false
character_trait_levels_onscreen_name_derpy_ic_member_kraken	Party: The Black Kraken Armada	false
character_trait_levels_colour_text_derpy_ic_member_kraken	His house came over whole and still keeps its own counsel.	false
character_trait_levels_explanation_text_derpy_ic_member_kraken	His party at court. Changes when parties form, break away or dissolve.	false
character_trait_levels_removal_text_derpy_ic_member_kraken	He sits with another party now.	false
character_trait_levels_onscreen_name_derpy_ic_member_conclave	Party: The Servants of the Conclave	false
character_trait_levels_colour_text_derpy_ic_member_conclave	His house came over whole and still keeps its own counsel.	false
character_trait_levels_explanation_text_derpy_ic_member_conclave	His party at court. Changes when parties form, break away or dissolve.	false
character_trait_levels_removal_text_derpy_ic_member_conclave	He sits with another party now.	false
character_trait_levels_onscreen_name_derpy_ic_member_astragoth	Party: The Disciples of Hashut	false
character_trait_levels_colour_text_derpy_ic_member_astragoth	His house came over whole and still keeps its own counsel.	false
character_trait_levels_explanation_text_derpy_ic_member_astragoth	His party at court. Changes when parties form, break away or dissolve.	false
character_trait_levels_removal_text_derpy_ic_member_astragoth	He sits with another party now.	false
character_trait_levels_onscreen_name_derpy_ic_member_azgorh	Party: The Legion of Azgorh	false
character_trait_levels_colour_text_derpy_ic_member_azgorh	His house came over whole and still keeps its own counsel.	false
character_trait_levels_explanation_text_derpy_ic_member_azgorh	His party at court. Changes when parties form, break away or dissolve.	false
character_trait_levels_removal_text_derpy_ic_member_azgorh	He sits with another party now.	false
character_trait_levels_onscreen_name_derpy_ic_member_zhatan	Party: The Warhost of Zharr	false
character_trait_levels_colour_text_derpy_ic_member_zhatan	His house came over whole and still keeps its own counsel.	false
character_trait_levels_explanation_text_derpy_ic_member_zhatan	His party at court. Changes when parties form, break away or dissolve.	false
character_trait_levels_removal_text_derpy_ic_member_zhatan	He sits with another party now.	false
character_trait_levels_onscreen_name_derpy_ic_member_skullstack	Party: The Uzkul Mingol Company	false
character_trait_levels_colour_text_derpy_ic_member_skullstack	His house came over whole and still keeps its own counsel.	false
character_trait_levels_explanation_text_derpy_ic_member_skullstack	His party at court. Changes when parties form, break away or dissolve.	false
character_trait_levels_removal_text_derpy_ic_member_skullstack	He sits with another party now.	false
character_trait_levels_onscreen_name_derpy_ic_member_zharrduk	Party: The Overlords of Zharrduk	false
character_trait_levels_colour_text_derpy_ic_member_zharrduk	His house came over whole and still keeps its own counsel.	false
character_trait_levels_explanation_text_derpy_ic_member_zharrduk	His party at court. Changes when parties form, break away or dissolve.	false
character_trait_levels_removal_text_derpy_ic_member_zharrduk	He sits with another party now.	false
character_trait_levels_onscreen_name_derpy_ic_member_zharr	Party: Zharr-Naggrund	false
character_trait_levels_colour_text_derpy_ic_member_zharr	His house came over whole and still keeps its own counsel.	false
character_trait_levels_explanation_text_derpy_ic_member_zharr	His party at court. Changes when parties form, break away or dissolve.	false
character_trait_levels_removal_text_derpy_ic_member_zharr	He sits with another party now.	false
character_trait_levels_onscreen_name_derpy_ic_member_plain	Party: The Plain of Zharr	false
character_trait_levels_colour_text_derpy_ic_member_plain	His house came over whole and still keeps its own counsel.	false
character_trait_levels_explanation_text_derpy_ic_member_plain	His party at court. Changes when parties form, break away or dissolve.	false
character_trait_levels_removal_text_derpy_ic_member_plain	He sits with another party now.	false
character_trait_levels_onscreen_name_derpy_ic_member_gorgoth	Party: The Tower of Gorgoth	false
character_trait_levels_colour_text_derpy_ic_member_gorgoth	His house came over whole and still keeps its own counsel.	false
character_trait_levels_explanation_text_derpy_ic_member_gorgoth	His party at court. Changes when parties form, break away or dissolve.	false
character_trait_levels_removal_text_derpy_ic_member_gorgoth	He sits with another party now.	false
character_trait_levels_onscreen_name_derpy_ic_member_stump	Party: Daemon's Stump	false
character_trait_levels_colour_text_derpy_ic_member_stump	His house came over whole and still keeps its own counsel.	false
character_trait_levels_explanation_text_derpy_ic_member_stump	His party at court. Changes when parties form, break away or dissolve.	false
character_trait_levels_removal_text_derpy_ic_member_stump	He sits with another party now.	false
character_trait_levels_onscreen_name_derpy_ic_member_zornuzkul	Party: Zorn Uzkul	false
character_trait_levels_colour_text_derpy_ic_member_zornuzkul	His house came over whole and still keeps its own counsel.	false
character_trait_levels_explanation_text_derpy_ic_member_zornuzkul	His party at court. Changes when parties form, break away or dissolve.	false
character_trait_levels_removal_text_derpy_ic_member_zornuzkul	He sits with another party now.	false
character_trait_levels_onscreen_name_derpy_ic_member_gash	Party: Gash Kadrak	false
character_trait_levels_colour_text_derpy_ic_member_gash	His house came over whole and still keeps its own counsel.	false
character_trait_levels_explanation_text_derpy_ic_member_gash	His party at court. Changes when parties form, break away or dissolve.	false
character_trait_levels_removal_text_derpy_ic_member_gash	He sits with another party now.	false
character_trait_levels_onscreen_name_derpy_ic_member_mines	Party: The Mines of Mingol	false
character_trait_levels_colour_text_derpy_ic_member_mines	His house came over whole and still keeps its own counsel.	false
character_trait_levels_explanation_text_derpy_ic_member_mines	His party at court. Changes when parties form, break away or dissolve.	false
character_trait_levels_removal_text_derpy_ic_member_mines	He sits with another party now.	false
character_trait_levels_onscreen_name_derpy_ic_member_wastes	Party: The Howling Wastes	false
character_trait_levels_colour_text_derpy_ic_member_wastes	His house came over whole and still keeps its own counsel.	false
character_trait_levels_explanation_text_derpy_ic_member_wastes	His party at court. Changes when parties form, break away or dissolve.	false
character_trait_levels_removal_text_derpy_ic_member_wastes	He sits with another party now.	false
character_trait_levels_onscreen_name_derpy_ic_member_temple_1	Party: The Burning Bull	false
character_trait_levels_colour_text_derpy_ic_member_temple_1	He votes the way the priests say Hashut would.	false
character_trait_levels_explanation_text_derpy_ic_member_temple_1	His party at court. Changes when parties form, break away or dissolve.	false
character_trait_levels_removal_text_derpy_ic_member_temple_1	He sits with another party now.	false
character_trait_levels_onscreen_name_derpy_ic_member_temple_2	Party: The Black Altar	false
character_trait_levels_colour_text_derpy_ic_member_temple_2	He votes the way the priests say Hashut would.	false
character_trait_levels_explanation_text_derpy_ic_member_temple_2	His party at court. Changes when parties form, break away or dissolve.	false
character_trait_levels_removal_text_derpy_ic_member_temple_2	He sits with another party now.	false
character_trait_levels_onscreen_name_derpy_ic_member_temple_3	Party: Hashut's Breath	false
character_trait_levels_colour_text_derpy_ic_member_temple_3	He votes the way the priests say Hashut would.	false
character_trait_levels_explanation_text_derpy_ic_member_temple_3	His party at court. Changes when parties form, break away or dissolve.	false
character_trait_levels_removal_text_derpy_ic_member_temple_3	He sits with another party now.	false
character_trait_levels_onscreen_name_derpy_ic_member_temple_4	Party: The Ashen Word	false
character_trait_levels_colour_text_derpy_ic_member_temple_4	He votes the way the priests say Hashut would.	false
character_trait_levels_explanation_text_derpy_ic_member_temple_4	His party at court. Changes when parties form, break away or dissolve.	false
character_trait_levels_removal_text_derpy_ic_member_temple_4	He sits with another party now.	false
character_trait_levels_onscreen_name_derpy_ic_member_temple_5	Party: The Bull's Horn	false
character_trait_levels_colour_text_derpy_ic_member_temple_5	He votes the way the priests say Hashut would.	false
character_trait_levels_explanation_text_derpy_ic_member_temple_5	His party at court. Changes when parties form, break away or dissolve.	false
character_trait_levels_removal_text_derpy_ic_member_temple_5	He sits with another party now.	false
character_trait_levels_onscreen_name_derpy_ic_member_temple_6	Party: The Brazen Idol	false
character_trait_levels_colour_text_derpy_ic_member_temple_6	He votes the way the priests say Hashut would.	false
character_trait_levels_explanation_text_derpy_ic_member_temple_6	His party at court. Changes when parties form, break away or dissolve.	false
character_trait_levels_removal_text_derpy_ic_member_temple_6	He sits with another party now.	false
character_trait_levels_onscreen_name_derpy_ic_member_forge_1	Party: The Hell-Forge	false
character_trait_levels_colour_text_derpy_ic_member_forge_1	He weighs every law by what it does to the furnaces.	false
character_trait_levels_explanation_text_derpy_ic_member_forge_1	His party at court. Changes when parties form, break away or dissolve.	false
character_trait_levels_removal_text_derpy_ic_member_forge_1	He sits with another party now.	false
character_trait_levels_onscreen_name_derpy_ic_member_forge_2	Party: The Cold Anvil	false
character_trait_levels_colour_text_derpy_ic_member_forge_2	He weighs every law by what it does to the furnaces.	false
character_trait_levels_explanation_text_derpy_ic_member_forge_2	His party at court. Changes when parties form, break away or dissolve.	false
character_trait_levels_removal_text_derpy_ic_member_forge_2	He sits with another party now.	false
character_trait_levels_onscreen_name_derpy_ic_member_forge_3	Party: The Iron Oath	false
character_trait_levels_colour_text_derpy_ic_member_forge_3	He weighs every law by what it does to the furnaces.	false
character_trait_levels_explanation_text_derpy_ic_member_forge_3	His party at court. Changes when parties form, break away or dissolve.	false
character_trait_levels_removal_text_derpy_ic_member_forge_3	He sits with another party now.	false
character_trait_levels_onscreen_name_derpy_ic_member_forge_4	Party: The Bound Flame	false
character_trait_levels_colour_text_derpy_ic_member_forge_4	He weighs every law by what it does to the furnaces.	false
character_trait_levels_explanation_text_derpy_ic_member_forge_4	His party at court. Changes when parties form, break away or dissolve.	false
character_trait_levels_removal_text_derpy_ic_member_forge_4	He sits with another party now.	false
character_trait_levels_onscreen_name_derpy_ic_member_forge_5	Party: The Daemon Anvil	false
character_trait_levels_colour_text_derpy_ic_member_forge_5	He weighs every law by what it does to the furnaces.	false
character_trait_levels_explanation_text_derpy_ic_member_forge_5	His party at court. Changes when parties form, break away or dissolve.	false
character_trait_levels_removal_text_derpy_ic_member_forge_5	He sits with another party now.	false
character_trait_levels_onscreen_name_derpy_ic_member_forge_6	Party: The Ninth Furnace	false
character_trait_levels_colour_text_derpy_ic_member_forge_6	He weighs every law by what it does to the furnaces.	false
character_trait_levels_explanation_text_derpy_ic_member_forge_6	His party at court. Changes when parties form, break away or dissolve.	false
character_trait_levels_removal_text_derpy_ic_member_forge_6	He sits with another party now.	false
character_trait_levels_onscreen_name_derpy_ic_member_chain_1	Party: The Short Chain	false
character_trait_levels_colour_text_derpy_ic_member_chain_1	His party wants more slaves and fewer questions.	false
character_trait_levels_explanation_text_derpy_ic_member_chain_1	His party at court. Changes when parties form, break away or dissolve.	false
character_trait_levels_removal_text_derpy_ic_member_chain_1	He sits with another party now.	false
character_trait_levels_onscreen_name_derpy_ic_member_chain_2	Party: The Iron Collar	false
character_trait_levels_colour_text_derpy_ic_member_chain_2	His party wants more slaves and fewer questions.	false
character_trait_levels_explanation_text_derpy_ic_member_chain_2	His party at court. Changes when parties form, break away or dissolve.	false
character_trait_levels_removal_text_derpy_ic_member_chain_2	He sits with another party now.	false
character_trait_levels_onscreen_name_derpy_ic_member_chain_3	Party: The Deep Pits	false
character_trait_levels_colour_text_derpy_ic_member_chain_3	His party wants more slaves and fewer questions.	false
character_trait_levels_explanation_text_derpy_ic_member_chain_3	His party at court. Changes when parties form, break away or dissolve.	false
character_trait_levels_removal_text_derpy_ic_member_chain_3	He sits with another party now.	false
character_trait_levels_onscreen_name_derpy_ic_member_chain_4	Party: The Brand	false
character_trait_levels_colour_text_derpy_ic_member_chain_4	His party wants more slaves and fewer questions.	false
character_trait_levels_explanation_text_derpy_ic_member_chain_4	His party at court. Changes when parties form, break away or dissolve.	false
character_trait_levels_removal_text_derpy_ic_member_chain_4	He sits with another party now.	false
character_trait_levels_onscreen_name_derpy_ic_member_chain_5	Party: The Bound Hundred	false
character_trait_levels_colour_text_derpy_ic_member_chain_5	His party wants more slaves and fewer questions.	false
character_trait_levels_explanation_text_derpy_ic_member_chain_5	His party at court. Changes when parties form, break away or dissolve.	false
character_trait_levels_removal_text_derpy_ic_member_chain_5	He sits with another party now.	false
character_trait_levels_onscreen_name_derpy_ic_member_chain_6	Party: The Lash	false
character_trait_levels_colour_text_derpy_ic_member_chain_6	His party wants more slaves and fewer questions.	false
character_trait_levels_explanation_text_derpy_ic_member_chain_6	His party at court. Changes when parties form, break away or dissolve.	false
character_trait_levels_removal_text_derpy_ic_member_chain_6	He sits with another party now.	false
character_trait_levels_onscreen_name_derpy_ic_member_legion_1	Party: The Black Standard	false
character_trait_levels_colour_text_derpy_ic_member_legion_1	He speaks for the army. The army is listening.	false
character_trait_levels_explanation_text_derpy_ic_member_legion_1	His party at court. Changes when parties form, break away or dissolve.	false
character_trait_levels_removal_text_derpy_ic_member_legion_1	He sits with another party now.	false
character_trait_levels_onscreen_name_derpy_ic_member_legion_2	Party: The Second Wall	false
character_trait_levels_colour_text_derpy_ic_member_legion_2	He speaks for the army. The army is listening.	false
character_trait_levels_explanation_text_derpy_ic_member_legion_2	His party at court. Changes when parties form, break away or dissolve.	false
character_trait_levels_removal_text_derpy_ic_member_legion_2	He sits with another party now.	false
character_trait_levels_onscreen_name_derpy_ic_member_legion_3	Party: The Unbroken Rank	false
character_trait_levels_colour_text_derpy_ic_member_legion_3	He speaks for the army. The army is listening.	false
character_trait_levels_explanation_text_derpy_ic_member_legion_3	His party at court. Changes when parties form, break away or dissolve.	false
character_trait_levels_removal_text_derpy_ic_member_legion_3	He sits with another party now.	false
character_trait_levels_onscreen_name_derpy_ic_member_legion_4	Party: The Iron Muster	false
character_trait_levels_colour_text_derpy_ic_member_legion_4	He speaks for the army. The army is listening.	false
character_trait_levels_explanation_text_derpy_ic_member_legion_4	His party at court. Changes when parties form, break away or dissolve.	false
character_trait_levels_removal_text_derpy_ic_member_legion_4	He sits with another party now.	false
character_trait_levels_onscreen_name_derpy_ic_member_legion_5	Party: The Fireglaive	false
character_trait_levels_colour_text_derpy_ic_member_legion_5	He speaks for the army. The army is listening.	false
character_trait_levels_explanation_text_derpy_ic_member_legion_5	His party at court. Changes when parties form, break away or dissolve.	false
character_trait_levels_removal_text_derpy_ic_member_legion_5	He sits with another party now.	false
character_trait_levels_onscreen_name_derpy_ic_member_legion_6	Party: The Bull Banner	false
character_trait_levels_colour_text_derpy_ic_member_legion_6	He speaks for the army. The army is listening.	false
character_trait_levels_explanation_text_derpy_ic_member_legion_6	His party at court. Changes when parties form, break away or dissolve.	false
character_trait_levels_removal_text_derpy_ic_member_legion_6	He sits with another party now.	false
character_trait_levels_onscreen_name_derpy_ic_member_ledger_1	Party: The Black Ledger	false
character_trait_levels_colour_text_derpy_ic_member_ledger_1	He knows what every vote at court is worth in gold.	false
character_trait_levels_explanation_text_derpy_ic_member_ledger_1	His party at court. Changes when parties form, break away or dissolve.	false
character_trait_levels_removal_text_derpy_ic_member_ledger_1	He sits with another party now.	false
character_trait_levels_onscreen_name_derpy_ic_member_ledger_2	Party: The Blood Price	false
character_trait_levels_colour_text_derpy_ic_member_ledger_2	He knows what every vote at court is worth in gold.	false
character_trait_levels_explanation_text_derpy_ic_member_ledger_2	His party at court. Changes when parties form, break away or dissolve.	false
character_trait_levels_removal_text_derpy_ic_member_ledger_2	He sits with another party now.	false
character_trait_levels_onscreen_name_derpy_ic_member_ledger_3	Party: The Weighed Coin	false
character_trait_levels_colour_text_derpy_ic_member_ledger_3	He knows what every vote at court is worth in gold.	false
character_trait_levels_explanation_text_derpy_ic_member_ledger_3	His party at court. Changes when parties form, break away or dissolve.	false
character_trait_levels_removal_text_derpy_ic_member_ledger_3	He sits with another party now.	false
character_trait_levels_onscreen_name_derpy_ic_member_ledger_4	Party: The Sealed Bond	false
character_trait_levels_colour_text_derpy_ic_member_ledger_4	He knows what every vote at court is worth in gold.	false
character_trait_levels_explanation_text_derpy_ic_member_ledger_4	His party at court. Changes when parties form, break away or dissolve.	false
character_trait_levels_removal_text_derpy_ic_member_ledger_4	He sits with another party now.	false
character_trait_levels_onscreen_name_derpy_ic_member_ledger_5	Party: The Iron Tally	false
character_trait_levels_colour_text_derpy_ic_member_ledger_5	He knows what every vote at court is worth in gold.	false
character_trait_levels_explanation_text_derpy_ic_member_ledger_5	His party at court. Changes when parties form, break away or dissolve.	false
character_trait_levels_removal_text_derpy_ic_member_ledger_5	He sits with another party now.	false
character_trait_levels_onscreen_name_derpy_ic_member_ledger_6	Party: The Tithe	false
character_trait_levels_colour_text_derpy_ic_member_ledger_6	He knows what every vote at court is worth in gold.	false
character_trait_levels_explanation_text_derpy_ic_member_ledger_6	His party at court. Changes when parties form, break away or dissolve.	false
character_trait_levels_removal_text_derpy_ic_member_ledger_6	He sits with another party now.	false
character_trait_levels_onscreen_name_derpy_ic_member_tower_1	Party: The Great Ziggurat	false
character_trait_levels_colour_text_derpy_ic_member_tower_1	He sides with the sorcerers, who forget no slight.	false
character_trait_levels_explanation_text_derpy_ic_member_tower_1	His party at court. Changes when parties form, break away or dissolve.	false
character_trait_levels_removal_text_derpy_ic_member_tower_1	He sits with another party now.	false
character_trait_levels_onscreen_name_derpy_ic_member_tower_2	Party: The Sealed Word	false
character_trait_levels_colour_text_derpy_ic_member_tower_2	He sides with the sorcerers, who forget no slight.	false
character_trait_levels_explanation_text_derpy_ic_member_tower_2	His party at court. Changes when parties form, break away or dissolve.	false
character_trait_levels_removal_text_derpy_ic_member_tower_2	He sits with another party now.	false
character_trait_levels_onscreen_name_derpy_ic_member_tower_3	Party: The Bound Daemon	false
character_trait_levels_colour_text_derpy_ic_member_tower_3	He sides with the sorcerers, who forget no slight.	false
character_trait_levels_explanation_text_derpy_ic_member_tower_3	His party at court. Changes when parties form, break away or dissolve.	false
character_trait_levels_removal_text_derpy_ic_member_tower_3	He sits with another party now.	false
character_trait_levels_onscreen_name_derpy_ic_member_tower_4	Party: The Obsidian Eye	false
character_trait_levels_colour_text_derpy_ic_member_tower_4	He sides with the sorcerers, who forget no slight.	false
character_trait_levels_explanation_text_derpy_ic_member_tower_4	His party at court. Changes when parties form, break away or dissolve.	false
character_trait_levels_removal_text_derpy_ic_member_tower_4	He sits with another party now.	false
character_trait_levels_onscreen_name_derpy_ic_member_tower_5	Party: The Stone Tongue	false
character_trait_levels_colour_text_derpy_ic_member_tower_5	He sides with the sorcerers, who forget no slight.	false
character_trait_levels_explanation_text_derpy_ic_member_tower_5	His party at court. Changes when parties form, break away or dissolve.	false
character_trait_levels_removal_text_derpy_ic_member_tower_5	He sits with another party now.	false
character_trait_levels_onscreen_name_derpy_ic_member_tower_6	Party: The Lammasu	false
character_trait_levels_colour_text_derpy_ic_member_tower_6	He sides with the sorcerers, who forget no slight.	false
character_trait_levels_explanation_text_derpy_ic_member_tower_6	His party at court. Changes when parties form, break away or dissolve.	false
character_trait_levels_removal_text_derpy_ic_member_tower_6	He sits with another party now.	false
character_trait_levels_onscreen_name_derpy_ic_member_road_1	Party: The Ash Road	false
character_trait_levels_colour_text_derpy_ic_member_road_1	His party lives off the convoys and wants the roads open.	false
character_trait_levels_explanation_text_derpy_ic_member_road_1	His party at court. Changes when parties form, break away or dissolve.	false
character_trait_levels_removal_text_derpy_ic_member_road_1	He sits with another party now.	false
character_trait_levels_onscreen_name_derpy_ic_member_road_2	Party: The Salt Track	false
character_trait_levels_colour_text_derpy_ic_member_road_2	His party lives off the convoys and wants the roads open.	false
character_trait_levels_explanation_text_derpy_ic_member_road_2	His party at court. Changes when parties form, break away or dissolve.	false
character_trait_levels_removal_text_derpy_ic_member_road_2	He sits with another party now.	false
character_trait_levels_onscreen_name_derpy_ic_member_road_3	Party: The Howling Wastes	false
character_trait_levels_colour_text_derpy_ic_member_road_3	His party lives off the convoys and wants the roads open.	false
character_trait_levels_explanation_text_derpy_ic_member_road_3	His party at court. Changes when parties form, break away or dissolve.	false
character_trait_levels_removal_text_derpy_ic_member_road_3	He sits with another party now.	false
character_trait_levels_onscreen_name_derpy_ic_member_road_4	Party: The Black Caravan	false
character_trait_levels_colour_text_derpy_ic_member_road_4	His party lives off the convoys and wants the roads open.	false
character_trait_levels_explanation_text_derpy_ic_member_road_4	His party at court. Changes when parties form, break away or dissolve.	false
character_trait_levels_removal_text_derpy_ic_member_road_4	He sits with another party now.	false
character_trait_levels_onscreen_name_derpy_ic_member_road_5	Party: The Iron Wheel	false
character_trait_levels_colour_text_derpy_ic_member_road_5	His party lives off the convoys and wants the roads open.	false
character_trait_levels_explanation_text_derpy_ic_member_road_5	His party at court. Changes when parties form, break away or dissolve.	false
character_trait_levels_removal_text_derpy_ic_member_road_5	He sits with another party now.	false
character_trait_levels_onscreen_name_derpy_ic_member_road_6	Party: Gash Kadrak	false
character_trait_levels_colour_text_derpy_ic_member_road_6	His party lives off the convoys and wants the roads open.	false
character_trait_levels_explanation_text_derpy_ic_member_road_6	His party at court. Changes when parties form, break away or dissolve.	false
character_trait_levels_removal_text_derpy_ic_member_road_6	He sits with another party now.	false
character_trait_levels_onscreen_name_derpy_ic_member_hearth_1	Party: The Old Ash	false
character_trait_levels_colour_text_derpy_ic_member_hearth_1	He speaks for the home kilns and the families that feed them.	false
character_trait_levels_explanation_text_derpy_ic_member_hearth_1	His party at court. Changes when parties form, break away or dissolve.	false
character_trait_levels_removal_text_derpy_ic_member_hearth_1	He sits with another party now.	false
character_trait_levels_onscreen_name_derpy_ic_member_hearth_2	Party: The Banked Fire	false
character_trait_levels_colour_text_derpy_ic_member_hearth_2	He speaks for the home kilns and the families that feed them.	false
character_trait_levels_explanation_text_derpy_ic_member_hearth_2	His party at court. Changes when parties form, break away or dissolve.	false
character_trait_levels_removal_text_derpy_ic_member_hearth_2	He sits with another party now.	false
character_trait_levels_onscreen_name_derpy_ic_member_hearth_3	Party: The First Hold	false
character_trait_levels_colour_text_derpy_ic_member_hearth_3	He speaks for the home kilns and the families that feed them.	false
character_trait_levels_explanation_text_derpy_ic_member_hearth_3	His party at court. Changes when parties form, break away or dissolve.	false
character_trait_levels_removal_text_derpy_ic_member_hearth_3	He sits with another party now.	false
character_trait_levels_onscreen_name_derpy_ic_member_hearth_4	Party: Zharr-Naggrund	false
character_trait_levels_colour_text_derpy_ic_member_hearth_4	He speaks for the home kilns and the families that feed them.	false
character_trait_levels_explanation_text_derpy_ic_member_hearth_4	His party at court. Changes when parties form, break away or dissolve.	false
character_trait_levels_removal_text_derpy_ic_member_hearth_4	He sits with another party now.	false
character_trait_levels_onscreen_name_derpy_ic_member_hearth_5	Party: Mingol Zharr	false
character_trait_levels_colour_text_derpy_ic_member_hearth_5	He speaks for the home kilns and the families that feed them.	false
character_trait_levels_explanation_text_derpy_ic_member_hearth_5	His party at court. Changes when parties form, break away or dissolve.	false
character_trait_levels_removal_text_derpy_ic_member_hearth_5	He sits with another party now.	false
character_trait_levels_onscreen_name_derpy_ic_member_hearth_6	Party: The Home Kilns	false
character_trait_levels_colour_text_derpy_ic_member_hearth_6	He speaks for the home kilns and the families that feed them.	false
character_trait_levels_explanation_text_derpy_ic_member_hearth_6	His party at court. Changes when parties form, break away or dissolve.	false
character_trait_levels_removal_text_derpy_ic_member_hearth_6	He sits with another party now.	false
character_trait_levels_onscreen_name_derpy_ic_title_priest	High Priest of Hashut	false
character_trait_levels_colour_text_derpy_ic_title_priest	The Father of Darkness is served loudly, and the people are quiet.	false
character_trait_levels_explanation_text_derpy_ic_title_priest	Control: +6, Income from all buildings: +12%	false
character_trait_levels_removal_text_derpy_ic_title_priest	He no longer holds the office.	false
character_trait_levels_onscreen_name_derpy_ic_title_forge	Grand Overseer of the Forge	false
character_trait_levels_colour_text_derpy_ic_title_forge	The forges of Zharr-Naggrund answer to one voice, and it is his.	false
character_trait_levels_explanation_text_derpy_ic_title_forge	Armaments output: +15%, Raw Materials output: +12%	false
character_trait_levels_removal_text_derpy_ic_title_forge	He no longer holds the office.	false
character_trait_levels_onscreen_name_derpy_ic_title_ledger	Keeper of the Black Ledger	false
character_trait_levels_colour_text_derpy_ic_title_ledger	Every debt in the Dark Lands is written down, and he holds the book.	false
character_trait_levels_explanation_text_derpy_ic_title_ledger	Income from all buildings: +12%	false
character_trait_levels_removal_text_derpy_ic_title_ledger	He no longer holds the office.	false
character_trait_levels_onscreen_name_derpy_ic_title_warden	Warden of the Marches	false
character_trait_levels_colour_text_derpy_ic_title_warden	The outer holds are watched, and the watchers are paid on time.	false
character_trait_levels_explanation_text_derpy_ic_title_warden	Upkeep: -10%, Casualty replenishment rate: +10%	false
character_trait_levels_removal_text_derpy_ic_title_warden	He no longer holds the office.	false
character_trait_levels_onscreen_name_derpy_ic_title_hand	Hand of the Tower	false
character_trait_levels_colour_text_derpy_ic_title_hand	He carries the Sorcerer-Prophets' word down the Tower, unaltered.	false
character_trait_levels_explanation_text_derpy_ic_title_hand	Research rate: +10	false
character_trait_levels_removal_text_derpy_ic_title_hand	He no longer holds the office.	false
character_trait_levels_onscreen_name_derpy_ic_title_chains	Keeper of the Chains	false
character_trait_levels_colour_text_derpy_ic_title_chains	He counts the work gangs, and the gangs know he counts them.	false
character_trait_levels_explanation_text_derpy_ic_title_chains	Workload requirement for Raw Materials: -15%	false
character_trait_levels_removal_text_derpy_ic_title_chains	He no longer holds the office.	false
character_trait_levels_onscreen_name_derpy_ic_title_pits	Master of the Pits	false
character_trait_levels_colour_text_derpy_ic_title_pits	What comes back from a battlefield is his to sort and his to sell.	false
character_trait_levels_explanation_text_derpy_ic_title_pits	Labour gained post-battle: +24%	false
character_trait_levels_removal_text_derpy_ic_title_pits	He no longer holds the office.	false
character_trait_levels_onscreen_name_derpy_ic_title_quarry	Master of the Quarries	false
character_trait_levels_colour_text_derpy_ic_title_quarry	The black rock comes up faster when somebody is counting the carts.	false
character_trait_levels_explanation_text_derpy_ic_title_quarry	Raw Materials output: +9%	false
character_trait_levels_removal_text_derpy_ic_title_quarry	He no longer holds the office.	false
character_trait_levels_onscreen_name_derpy_ic_title_roads	Warden of the Caravan Roads	false
character_trait_levels_colour_text_derpy_ic_title_roads	The roads out of Zharr are his, and they are quicker than they were.	false
character_trait_levels_explanation_text_derpy_ic_title_roads	Campaign movement range: +6%	false
character_trait_levels_removal_text_derpy_ic_title_roads	He no longer holds the office.	false
character_trait_levels_onscreen_name_derpy_ic_title_kilns	Keeper of the Kilns	false
character_trait_levels_colour_text_derpy_ic_title_kilns	Brick and slag leave his kilns cheaper than anyone can explain.	false
character_trait_levels_explanation_text_derpy_ic_title_kilns	Construction cost: -8% for all buildings	false
character_trait_levels_removal_text_derpy_ic_title_kilns	He no longer holds the office.	false
character_trait_levels_onscreen_name_derpy_ic_title_fields	Steward of the Ash Fields	false
character_trait_levels_colour_text_derpy_ic_title_fields	The hobgoblin tribes that work the ash fields march cheap for whoever feeds them.	false
character_trait_levels_explanation_text_derpy_ic_title_fields	Upkeep: -15% for Hobgoblin units	false
character_trait_levels_removal_text_derpy_ic_title_fields	He no longer holds the office.	false
character_trait_levels_onscreen_name_derpy_ic_title_scribes	Master of the Scribes	false
character_trait_levels_colour_text_derpy_ic_title_scribes	His clerks know which door to knock on, and when.	false
character_trait_levels_explanation_text_derpy_ic_title_scribes	Hero action success chance: +8%	false
character_trait_levels_removal_text_derpy_ic_title_scribes	He no longer holds the office.	false
character_trait_levels_onscreen_name_derpy_ic_title_muster	Warden of the Muster	false
character_trait_levels_colour_text_derpy_ic_title_muster	He knows what a warrior costs, and he pays no more than that.	false
character_trait_levels_explanation_text_derpy_ic_title_muster	Recruitment cost: -8%	false
character_trait_levels_removal_text_derpy_ic_title_muster	He no longer holds the office.	false
character_trait_levels_onscreen_name_derpy_ic_title_banners	Keeper of the Banners	false
character_trait_levels_colour_text_derpy_ic_title_banners	Raiding is an accounting exercise, and he keeps the account.	false
character_trait_levels_explanation_text_derpy_ic_title_banners	Income from raiding: +10%	false
character_trait_levels_removal_text_derpy_ic_title_banners	He no longer holds the office.	false
event_feed_strings_text_derpy_ic_event_plot_ok_title	The Court Moves	false
event_feed_strings_text_derpy_ic_event_plot_ok_primary	Your move succeeded. The court has taken note.	false
event_feed_strings_text_derpy_ic_event_plot_ok_secondary	Success	false
event_feed_strings_text_derpy_ic_event_plot_fail_title	The Court Refuses	false
event_feed_strings_text_derpy_ic_event_plot_fail_primary	Your move failed. The influence is spent. Its target knows who tried.	false
event_feed_strings_text_derpy_ic_event_plot_fail_secondary	Failure	false
event_feed_strings_text_derpy_ic_event_office_lost_title	A Seat Stands Empty	false
event_feed_strings_text_derpy_ic_event_office_lost_primary	An officer has left his seat. The vacant office grants no bonus. Its party resents the vacancy.	false
event_feed_strings_text_derpy_ic_event_party_joined_title	A Party Enters the Court	false
event_feed_strings_text_derpy_ic_event_party_joined_primary	A faction you absorbed has brought its men into your court as a party of its own. It has strength at court now and will expect seats.	false
event_feed_strings_text_derpy_ic_event_party_joined_secondary	The Court Grows	false
event_feed_strings_text_derpy_ic_event_secede_warn_title	A Party Prepares to Leave	false
event_feed_strings_text_derpy_ic_event_secede_warn_primary	A party is preparing to leave the court. When its time runs out, it takes its provinces with it. Settle with it or take its seats away first.	false
event_feed_strings_text_derpy_ic_event_secede_warn_secondary	Preparing to Leave	false
event_feed_strings_text_derpy_ic_event_snub_title	A Party Is Slighted	false
event_feed_strings_text_derpy_ic_event_snub_primary	A party is owed a seat it does not hold. Its loyalty falls every turn the grievance stands.	false
event_feed_strings_text_derpy_ic_event_secede_done_title	A Party Has Broken With You	false
event_feed_strings_text_derpy_ic_event_secede_done_primary	A party has left your court with land and an army of its own. Its seats are empty. Its remaining men now serve your own party.	false
event_feed_strings_text_derpy_ic_event_secede_done_secondary	Departure	false
event_feed_strings_text_derpy_ic_event_loyalty_warn_title	A Party Turns Against You	false
event_feed_strings_text_derpy_ic_event_loyalty_warn_primary	A party's loyalty is running low. Give it a seat or buy it off. If its loyalty runs out, it leaves at once with its land.	false
event_feed_strings_text_derpy_ic_event_loyalty_warn_secondary	Disloyalty	false
event_feed_strings_text_derpy_ic_event_splinter_title	Your Own House Splits	false
event_feed_strings_text_derpy_ic_event_splinter_primary	Your party's loyalty has run out. Some of its men have formed their own party, taking a share of the court from you. They expect seats.	false
event_feed_strings_text_derpy_ic_event_splinter_secondary	A New Party	false
event_feed_strings_text_derpy_ic_event_secede_soon_title	The Count Is Nearly Out	false
event_feed_strings_text_derpy_ic_event_secede_soon_primary	A party is about to leave the court with the provinces it holds. There will be no further warning.	false
event_feed_strings_text_derpy_ic_event_secede_soon_secondary	Leaving Soon	false
event_feed_strings_text_derpy_ic_event_splinter_warn_title	Your Own House Is Turning	false
event_feed_strings_text_derpy_ic_event_splinter_warn_primary	Your party's loyalty has run out. Some of its men are forming a party of their own. Restore its loyalty before they break away.	false
event_feed_strings_text_derpy_ic_event_splinter_warn_secondary	Split Pending	false
event_feed_strings_text_derpy_ic_event_dissolved_title	A Party Dissolves	false
event_feed_strings_text_derpy_ic_event_dissolved_primary	A party with no members or province has dissolved. Its share of the court is gone. You lose nothing.	false
event_feed_strings_text_derpy_ic_event_dissolved_secondary	Party Dissolved	false
event_feed_strings_text_derpy_ic_event_party_plot_warn_title	A Party Moves Against You	false
event_feed_strings_text_derpy_ic_event_party_plot_warn_primary	A party plans to strike at the Crown next turn. Open the Iron Court to see who is behind it and how to stop him.	false
event_feed_strings_text_derpy_ic_event_party_plot_warn_secondary	Warning	false
event_feed_strings_text_derpy_ic_event_party_plot_ok_title	The Court Strikes at the Crown	false
event_feed_strings_text_derpy_ic_event_party_plot_ok_primary	A party's move against the Crown succeeded.	false
event_feed_strings_text_derpy_ic_event_party_plot_ok_secondary	Struck	false
event_feed_strings_text_derpy_ic_event_party_plot_fail_title	A Plot Is Foiled	false
event_feed_strings_text_derpy_ic_event_party_plot_fail_primary	A party's move against the Crown failed. It has lost the influence it spent.	false
event_feed_strings_text_derpy_ic_event_party_plot_fail_secondary	Foiled	false
event_feed_strings_text_derpy_ic_event_party_plot_dropped_title	A Plot Comes to Nothing	false
event_feed_strings_text_derpy_ic_event_party_plot_dropped_primary	A party has abandoned its planned move against the Crown.	false
event_feed_strings_text_derpy_ic_event_party_plot_dropped_secondary	Abandoned	false
event_feed_strings_text_derpy_ic_event_party_feud_title	A Feud in the Court	false
event_feed_strings_text_derpy_ic_event_party_feud_primary	Two parties have turned on each other. While the feud lasts they strike at each other rather than at you.	false
event_feed_strings_text_derpy_ic_event_party_feud_secondary	Feud	false
event_feed_strings_text_derpy_ic_event_party_feud_end_title	A Feud Ends	false
event_feed_strings_text_derpy_ic_event_party_feud_end_primary	A feud between two parties is over. Either may turn its attention back to the Crown.	false
event_feed_strings_text_derpy_ic_event_party_feud_end_secondary	Feud Over	false
event_feed_strings_text_derpy_ic_event_party_feud_murder_title	Blood Between Parties	false
event_feed_strings_text_derpy_ic_event_party_feud_murder_primary	A feud at court has ended in a killing. A rival party has killed one of your men.	false
event_feed_strings_text_derpy_ic_event_party_feud_murder_secondary	Killed	false
event_feed_strings_text_derpy_ic_event_party_demand_title	A Party Makes a Demand	false
event_feed_strings_text_derpy_ic_event_party_demand_primary	A party demands a post for one of its men. The party's card names the man and the post. Grant it and its loyalty rises; refuse or let the time run out and it falls.	false
event_feed_strings_text_derpy_ic_event_party_demand_secondary	Demand	false
event_feed_strings_text_derpy_ic_event_party_demand_refused_title	A Demand Refused	false
event_feed_strings_text_derpy_ic_event_party_demand_refused_primary	A party's demand went unmet. Its loyalty has fallen.	false
event_feed_strings_text_derpy_ic_event_party_demand_refused_secondary	Refused	false
event_feed_strings_text_derpy_ic_event_party_offer_title	A Party Offers a Favour	false
event_feed_strings_text_derpy_ic_event_party_offer_primary	A loyal party offers the Crown a favour. Answer on the Petitions tab before it lapses. The other parties will resent your acceptance.	false
event_feed_strings_text_derpy_ic_event_party_offer_secondary	Offer	false
event_feed_strings_text_derpy_ic_event_term_soon_title	A Term Ends Next Turn	false
event_feed_strings_text_derpy_ic_event_term_soon_primary	An officer's term ends at the start of your next turn. His seat will be vacant, and he cannot take it straight back. Choose his successor now.	false
event_feed_strings_text_derpy_ic_event_term_soon_secondary	Terms End	false
event_feed_strings_text_derpy_ic_event_party_sabotage_title	An Office Sabotaged	false
event_feed_strings_text_derpy_ic_event_party_sabotage_primary	A feuding party has sabotaged its rival's office. The office gives no bonus for a few turns.	false
event_feed_strings_text_derpy_ic_event_party_sabotage_secondary	Sabotage	false
event_feed_strings_text_derpy_ic_event_party_withhold_title	A Party Withholds Its Service	false
event_feed_strings_text_derpy_ic_event_party_withhold_primary	A disloyal party's officers have stopped working for you. Their offices give no bonus for a few turns. Use Secure Loyalty and they return to work at once.	false
event_feed_strings_text_derpy_ic_event_party_withhold_secondary	Withheld	false
event_feed_strings_text_derpy_ic_event_realm_secede_title	A Rival Court Splits	false
event_feed_strings_text_derpy_ic_event_realm_secede_primary	A party has broken from another Chaos Dwarf court and risen in rebellion.	false
event_feed_strings_text_derpy_ic_event_realm_secede_secondary	Rebellion	false
event_feed_strings_text_derpy_ic_event_officer_died_title	An Officer Is Dead	false
event_feed_strings_text_derpy_ic_event_officer_died_primary	One of your officers has died. His seat at court or his province stands empty until you fill it.	false
event_feed_strings_text_derpy_ic_event_threat_over_title	A Party Stands Down	false
event_feed_strings_text_derpy_ic_event_threat_over_primary	A party that was preparing to break with you has stood down, for now. Keep watch on its loyalty.	false
event_feed_strings_text_derpy_ic_event_threat_over_secondary	Stood Down	false
event_feed_strings_text_derpy_ic_event_stall_end_title	An Office Is Back at Work	false
event_feed_strings_text_derpy_ic_event_stall_end_primary	An office has returned to work. Its bonus applies again.	false
event_feed_strings_text_derpy_ic_event_gov_changed_title	A New Government	false
event_feed_strings_text_derpy_ic_event_gov_changed_primary	A new government rules the court. Its party expects you to follow its rules.	false
event_feed_strings_text_derpy_ic_event_gov_changed_secondary	The Court Changes	false
event_feed_strings_text_derpy_ic_event_gov_pressure_title	The Court Pulls Another Way	false
event_feed_strings_text_derpy_ic_event_gov_pressure_primary	A leading party asks for its own government. Accept or pay to keep your current government on the Petitions tab.	false
event_feed_strings_text_derpy_ic_event_gov_pressure_secondary	A Choice Waits	false
event_feed_strings_text_derpy_ic_event_gov_intro_title	Your Deeds Move the Court	false
event_feed_strings_text_derpy_ic_event_gov_intro_primary	Your deeds strengthen parties at court. Victories raise the Legion; Hell-Forge work raises the Forge; Tower rites and temples raise the Priesthood; slaves and razing raise the Chain; convoys raise the Road; research raises the Tower. A strong party asks for its own government. Your current government is shown in the Crown's box.	false
event_feed_strings_text_derpy_ic_event_gov_intro_secondary	The Court Watches You	false
event_feed_strings_text_derpy_ic_event_party_drawn_title	A Party Comes to Court	false
event_feed_strings_text_derpy_ic_event_party_drawn_primary	Your deeds have drawn a new party into your court, and the next lord you raised has joined it. It has strength at court now and will expect seats.	false
event_feed_strings_text_derpy_ic_event_party_drawn_secondary	The Court Grows	false
event_feed_strings_text_derpy_ic_event_law_proposed_title	A Law Before the Court	false
event_feed_strings_text_derpy_ic_event_law_proposed_primary	A law is before the court. Members vote with their parties. On the Laws tab, push for support, persuade men or overrule the vote.	false
event_feed_strings_text_derpy_ic_event_law_proposed_secondary	The Court Will Vote	false
event_feed_strings_text_derpy_ic_event_law_passed_title	A Law Passes	false
event_feed_strings_text_derpy_ic_event_law_passed_primary	A new law is in force. Parties that supported it are pleased; its opponents resent it.	false
event_feed_strings_text_derpy_ic_event_law_passed_secondary	The Law Is Changed	false
event_feed_strings_text_derpy_ic_event_law_failed_title	A Law Fails	false
event_feed_strings_text_derpy_ic_event_law_failed_primary	The court has voted the law down. The law in force stands.	false
event_feed_strings_text_derpy_ic_event_law_failed_secondary	The Law Stands	false
event_feed_strings_text_derpy_ic_event_party_drawn_chain	Your slave-taking drew the Chain to court.	false
event_feed_strings_text_derpy_ic_event_party_drawn_forge	The Hell-Forge's work drew the Forge to court.	false
event_feed_strings_text_derpy_ic_event_party_drawn_ledger	Your convoys drew the Ledger to court.	false
event_feed_strings_text_derpy_ic_event_party_drawn_legion	Your victories drew the Legion to court.	false
event_feed_strings_text_derpy_ic_event_party_drawn_road	Your convoys drew the Road to court.	false
event_feed_strings_text_derpy_ic_event_party_drawn_temple	The Tower's rites drew the Priesthood to court.	false
event_feed_strings_text_derpy_ic_event_party_drawn_tower	Your research drew the Tower to court.	false
event_feed_strings_text_derpy_ic_move_bribe_ok	Bribe: Success	false
event_feed_strings_text_derpy_ic_move_bribe_fail	Bribe: Failure	false
event_feed_strings_text_derpy_ic_move_discredit_ok	Discredit: Success	false
event_feed_strings_text_derpy_ic_move_discredit_fail	Discredit: Failure	false
event_feed_strings_text_derpy_ic_move_rumour_ok	Spread Rumours: Success	false
event_feed_strings_text_derpy_ic_move_rumour_fail	Spread Rumours: Failure	false
event_feed_strings_text_derpy_ic_move_murder_ok	A Forge Accident: Success	false
event_feed_strings_text_derpy_ic_move_murder_fail	A Forge Accident: Failure	false
event_feed_strings_text_derpy_ic_move_provoke_ok	Provoke: Success	false
event_feed_strings_text_derpy_ic_move_provoke_fail	Provoke: Failure	false
event_feed_strings_text_derpy_ic_move_purge_ok	Purge the House: Success	false
event_feed_strings_text_derpy_ic_move_purge_fail	Purge the House: Failure	false
event_feed_strings_text_derpy_ic_move_unseat_ok	Strike Their Seats: Success	false
event_feed_strings_text_derpy_ic_move_unseat_fail	Strike Their Seats: Failure	false
event_feed_strings_text_derpy_ic_move_recall_ok	Recall Governors: Success	false
event_feed_strings_text_derpy_ic_move_recall_fail	Recall Governors: Failure	false
event_feed_strings_text_derpy_ic_move_weregild_ok	Pay the Weregild: Success	false
event_feed_strings_text_derpy_ic_move_weregild_fail	Pay the Weregild: Failure	false
event_feed_strings_text_derpy_ic_move_oath_ok	Blood-Oath: Success	false
event_feed_strings_text_derpy_ic_move_oath_fail	Blood-Oath: Failure	false
event_feed_strings_text_derpy_ic_move_patron_ok	Stand His Patron: Success	false
event_feed_strings_text_derpy_ic_move_patron_fail	Stand His Patron: Failure	false
event_feed_strings_text_derpy_ic_move_kinsman_ok	Name Him Kinsman: Success	false
event_feed_strings_text_derpy_ic_move_kinsman_fail	Name Him Kinsman: Failure	false
event_feed_strings_text_derpy_ic_move_pledge_ok	Pledge of the Forge: Success	false
event_feed_strings_text_derpy_ic_move_pledge_fail	Pledge of the Forge: Failure	false
event_feed_strings_text_derpy_ic_move_embezzle_ok	Embezzle: Success	false
event_feed_strings_text_derpy_ic_move_embezzle_fail	Embezzle: Failure	false
event_feed_strings_text_derpy_ic_move_feast_ok	A Feast of Ash: Success	false
event_feed_strings_text_derpy_ic_move_feast_fail	A Feast of Ash: Failure	false
event_feed_strings_text_derpy_ic_move_audience_ok	Hold the Ash Court: Success	false
event_feed_strings_text_derpy_ic_move_audience_fail	Hold the Ash Court: Failure	false
event_feed_strings_text_derpy_ic_move_circuit_ok	Ride the Circuit: Success	false
event_feed_strings_text_derpy_ic_move_circuit_fail	Ride the Circuit: Failure	false
event_feed_strings_text_derpy_ic_move_envoy_ok	Send an Envoy: Success	false
event_feed_strings_text_derpy_ic_move_envoy_fail	Send an Envoy: Failure	false
event_feed_strings_text_derpy_ic_move_diplomats_ok	Send Diplomats: Success	false
event_feed_strings_text_derpy_ic_move_diplomats_fail	Send Diplomats: Failure	false
effect_bundles_localised_title_derpy_ic_office_dwf_priest	High Priest of the Ancestors	false
effect_bundles_localised_description_derpy_ic_office_dwf_priest	He tends the clan shrines and settles disputes in their names.	false
derpy_ic_effects_derpy_ic_office_dwf_priest	Control +6, Building income +12%	false
effect_bundles_localised_title_derpy_ic_vacant_dwf_priest	High Priest of the Ancestors (Vacant)	false
effect_bundles_localised_description_derpy_ic_vacant_dwf_priest	The shrines stand unattended and the old names go unspoken.	false
derpy_ic_effects_derpy_ic_vacant_dwf_priest	Control -6	false
derpy_ic_office_name_dwf_priest	High Priest of the Ancestors	false
character_trait_levels_onscreen_name_derpy_ic_title_dwf_priest	High Priest of the Ancestors	false
character_trait_levels_colour_text_derpy_ic_title_dwf_priest	He tends the clan shrines and settles disputes in their names.	false
character_trait_levels_explanation_text_derpy_ic_title_dwf_priest	Control: +6, Income from all buildings: +12%	false
character_trait_levels_removal_text_derpy_ic_title_dwf_priest	He no longer holds the office.	false
effect_bundles_localised_title_derpy_ic_office_dwf_forge	Master Forgewright	false
effect_bundles_localised_description_derpy_ic_office_dwf_forge	The master smiths accept his judgement at the anvil.	false
derpy_ic_effects_derpy_ic_office_dwf_forge	Oathgold +15%, Forge Oathgold cost -12%	false
effect_bundles_localised_title_derpy_ic_vacant_dwf_forge	Master Forgewright (Vacant)	false
effect_bundles_localised_description_derpy_ic_vacant_dwf_forge	The smiths dispute each other's work. No master settles the matter.	false
derpy_ic_effects_derpy_ic_vacant_dwf_forge	Oathgold -6%	false
derpy_ic_office_name_dwf_forge	Master Forgewright	false
character_trait_levels_onscreen_name_derpy_ic_title_dwf_forge	Master Forgewright	false
character_trait_levels_colour_text_derpy_ic_title_dwf_forge	The master smiths accept his judgement at the anvil.	false
character_trait_levels_explanation_text_derpy_ic_title_dwf_forge	Oathgold from buildings: +15%, Oathgold cost for crafting in the Forge: -12%	false
character_trait_levels_removal_text_derpy_ic_title_dwf_forge	He no longer holds the office.	false
effect_bundles_localised_title_derpy_ic_office_dwf_ledger	Keeper of the Reckoning	false
effect_bundles_localised_description_derpy_ic_office_dwf_ledger	He makes each debtor pay what the hold is owed.	false
derpy_ic_effects_derpy_ic_office_dwf_ledger	Building income +12%	false
effect_bundles_localised_title_derpy_ic_vacant_dwf_ledger	Keeper of the Reckoning (Vacant)	false
effect_bundles_localised_description_derpy_ic_vacant_dwf_ledger	Unpaid debts gather in the hold's books.	false
derpy_ic_effects_derpy_ic_vacant_dwf_ledger	Building income -6%	false
derpy_ic_office_name_dwf_ledger	Keeper of the Reckoning	false
character_trait_levels_onscreen_name_derpy_ic_title_dwf_ledger	Keeper of the Reckoning	false
character_trait_levels_colour_text_derpy_ic_title_dwf_ledger	He makes each debtor pay what the hold is owed.	false
character_trait_levels_explanation_text_derpy_ic_title_dwf_ledger	Income from all buildings: +12%	false
character_trait_levels_removal_text_derpy_ic_title_dwf_ledger	He no longer holds the office.	false
effect_bundles_localised_title_derpy_ic_office_dwf_warden	Warden of the Gate	false
effect_bundles_localised_description_derpy_ic_office_dwf_warden	He assigns the gate watch and keeps the garrison supplied.	false
derpy_ic_effects_derpy_ic_office_dwf_warden	Upkeep -10%, Replenishment +10%	false
effect_bundles_localised_title_derpy_ic_vacant_dwf_warden	Warden of the Gate (Vacant)	false
effect_bundles_localised_description_derpy_ic_vacant_dwf_warden	The clans dispute who owes the gate watch.	false
derpy_ic_effects_derpy_ic_vacant_dwf_warden	Control -4	false
derpy_ic_office_name_dwf_warden	Warden of the Gate	false
character_trait_levels_onscreen_name_derpy_ic_title_dwf_warden	Warden of the Gate	false
character_trait_levels_colour_text_derpy_ic_title_dwf_warden	He assigns the gate watch and keeps the garrison supplied.	false
character_trait_levels_explanation_text_derpy_ic_title_dwf_warden	Upkeep: -10%, Casualty replenishment rate: +10%	false
character_trait_levels_removal_text_derpy_ic_title_dwf_warden	He no longer holds the office.	false
effect_bundles_localised_title_derpy_ic_office_dwf_hand	Keeper of the Grudge-Book	false
effect_bundles_localised_description_derpy_ic_office_dwf_hand	Every wrong is written in his hand. From the next Age of Reckoning, fewer grudges need settling.	false
derpy_ic_effects_derpy_ic_office_dwf_hand	Grudges needed -10%	false
effect_bundles_localised_title_derpy_ic_vacant_dwf_hand	Keeper of the Grudge-Book (Vacant)	false
effect_bundles_localised_description_derpy_ic_vacant_dwf_hand	The Book goes unkept. From the next Age of Reckoning, more grudges need settling.	false
derpy_ic_effects_derpy_ic_vacant_dwf_hand	Grudges needed +4%	false
derpy_ic_office_name_dwf_hand	Keeper of the Grudge-Book	false
character_trait_levels_onscreen_name_derpy_ic_title_dwf_hand	Keeper of the Grudge-Book	false
character_trait_levels_colour_text_derpy_ic_title_dwf_hand	Every wrong is written in his hand. From the next Age of Reckoning, fewer grudges need settling.	false
character_trait_levels_explanation_text_derpy_ic_title_dwf_hand	Increases the number of Settled Grudges required for each Age of Reckoning by -10%	false
character_trait_levels_removal_text_derpy_ic_title_dwf_hand	He no longer holds the office.	false
effect_bundles_localised_title_derpy_ic_office_dwf_roads	Warden of the Underway	false
effect_bundles_localised_description_derpy_ic_office_dwf_roads	He keeps the old routes through the Underway clear.	false
derpy_ic_effects_derpy_ic_office_dwf_roads	Movement range +8%	false
effect_bundles_localised_title_derpy_ic_vacant_dwf_roads	Warden of the Underway (Vacant)	false
effect_bundles_localised_description_derpy_ic_vacant_dwf_roads	Blocked tunnels force traders over the mountain passes.	false
derpy_ic_effects_derpy_ic_vacant_dwf_roads	Movement range -4%	false
derpy_ic_office_name_dwf_roads	Warden of the Underway	false
character_trait_levels_onscreen_name_derpy_ic_title_dwf_roads	Warden of the Underway	false
character_trait_levels_colour_text_derpy_ic_title_dwf_roads	He keeps the old routes through the Underway clear.	false
character_trait_levels_explanation_text_derpy_ic_title_dwf_roads	Campaign movement range: +8%	false
character_trait_levels_removal_text_derpy_ic_title_dwf_roads	He no longer holds the office.	false
effect_bundles_localised_title_derpy_ic_office_dwf_chains	Overseer of the Mines	false
effect_bundles_localised_description_derpy_ic_office_dwf_chains	He inspects each seam and accounts for every ore cart.	false
derpy_ic_effects_derpy_ic_office_dwf_chains	Mine income +15%	false
effect_bundles_localised_title_derpy_ic_vacant_dwf_chains	Overseer of the Mines (Vacant)	false
effect_bundles_localised_description_derpy_ic_vacant_dwf_chains	The mining clans quarrel over their claims.	false
derpy_ic_effects_derpy_ic_vacant_dwf_chains	Mine income -6%	false
derpy_ic_office_name_dwf_chains	Overseer of the Mines	false
character_trait_levels_onscreen_name_derpy_ic_title_dwf_chains	Overseer of the Mines	false
character_trait_levels_colour_text_derpy_ic_title_dwf_chains	He inspects each seam and accounts for every ore cart.	false
character_trait_levels_explanation_text_derpy_ic_title_dwf_chains	Income from Iron Mines, Gold Mines and Stone Quarries: +15%	false
character_trait_levels_removal_text_derpy_ic_title_dwf_chains	He no longer holds the office.	false
effect_bundles_localised_title_derpy_ic_office_dwf_pits	Master of the Delvings	false
effect_bundles_localised_description_derpy_ic_office_dwf_pits	He sees that spoils reach the hold's vaults.	false
derpy_ic_effects_derpy_ic_office_dwf_pits	Post-battle loot +24%	false
effect_bundles_localised_title_derpy_ic_vacant_dwf_pits	Master of the Delvings (Vacant)	false
effect_bundles_localised_description_derpy_ic_vacant_dwf_pits	Warriors take spoils before the hold receives its share.	false
derpy_ic_effects_derpy_ic_vacant_dwf_pits	Post-battle loot -10%	false
derpy_ic_office_name_dwf_pits	Master of the Delvings	false
character_trait_levels_onscreen_name_derpy_ic_title_dwf_pits	Master of the Delvings	false
character_trait_levels_colour_text_derpy_ic_title_dwf_pits	He sees that spoils reach the hold's vaults.	false
character_trait_levels_explanation_text_derpy_ic_title_dwf_pits	Income from post-battle loot: +24%	false
character_trait_levels_removal_text_derpy_ic_title_dwf_pits	He no longer holds the office.	false
effect_bundles_localised_title_derpy_ic_office_dwf_quarry	Master of the Stonecutters	false
effect_bundles_localised_description_derpy_ic_office_dwf_quarry	His stonecutters waste little when they widen the halls.	false
derpy_ic_effects_derpy_ic_office_dwf_quarry	Construction cost -9%	false
effect_bundles_localised_title_derpy_ic_vacant_dwf_quarry	Master of the Stonecutters (Vacant)	false
effect_bundles_localised_description_derpy_ic_vacant_dwf_quarry	The clans cannot agree whose halls to cut first.	false
derpy_ic_effects_derpy_ic_vacant_dwf_quarry	Construction cost +4%	false
derpy_ic_office_name_dwf_quarry	Master of the Stonecutters	false
character_trait_levels_onscreen_name_derpy_ic_title_dwf_quarry	Master of the Stonecutters	false
character_trait_levels_colour_text_derpy_ic_title_dwf_quarry	His stonecutters waste little when they widen the halls.	false
character_trait_levels_explanation_text_derpy_ic_title_dwf_quarry	Construction cost: -9% for all buildings	false
character_trait_levels_removal_text_derpy_ic_title_dwf_quarry	He no longer holds the office.	false
effect_bundles_localised_title_derpy_ic_office_dwf_muster	Thane of the Muster	false
effect_bundles_localised_description_derpy_ic_office_dwf_muster	He ensures each clan equips its warriors at a fair price.	false
derpy_ic_effects_derpy_ic_office_dwf_muster	Recruitment cost -12%	false
effect_bundles_localised_title_derpy_ic_vacant_dwf_muster	Thane of the Muster (Vacant)	false
effect_bundles_localised_description_derpy_ic_vacant_dwf_muster	Each clan asks its own price to send warriors.	false
derpy_ic_effects_derpy_ic_vacant_dwf_muster	Recruitment cost +6%	false
derpy_ic_office_name_dwf_muster	Thane of the Muster	false
character_trait_levels_onscreen_name_derpy_ic_title_dwf_muster	Thane of the Muster	false
character_trait_levels_colour_text_derpy_ic_title_dwf_muster	He ensures each clan equips its warriors at a fair price.	false
character_trait_levels_explanation_text_derpy_ic_title_dwf_muster	Recruitment cost: -12%	false
character_trait_levels_removal_text_derpy_ic_title_dwf_muster	He no longer holds the office.	false
effect_bundles_localised_title_derpy_ic_office_dwf_kilns	Brewmaster of the Hold	false
effect_bundles_localised_description_derpy_ic_office_dwf_kilns	Traders come for his ale and buy the hold's fine work beside it.	false
derpy_ic_effects_derpy_ic_office_dwf_kilns	Gem cutter income +8%	false
effect_bundles_localised_title_derpy_ic_vacant_dwf_kilns	Brewmaster of the Hold (Vacant)	false
effect_bundles_localised_description_derpy_ic_vacant_dwf_kilns	Poor ale drives traders away from the hold's wares.	false
derpy_ic_effects_derpy_ic_vacant_dwf_kilns	Gem cutter income -4%	false
derpy_ic_office_name_dwf_kilns	Brewmaster of the Hold	false
character_trait_levels_onscreen_name_derpy_ic_title_dwf_kilns	Brewmaster of the Hold	false
character_trait_levels_colour_text_derpy_ic_title_dwf_kilns	Traders come for his ale and buy the hold's fine work beside it.	false
character_trait_levels_explanation_text_derpy_ic_title_dwf_kilns	Income from Gem Cutters and Obsidian Quarries: +8%	false
character_trait_levels_removal_text_derpy_ic_title_dwf_kilns	He no longer holds the office.	false
effect_bundles_localised_title_derpy_ic_office_dwf_fields	Steward of the Holdfarms	false
effect_bundles_localised_description_derpy_ic_office_dwf_fields	He brings in enough grain to feed new households.	false
derpy_ic_effects_derpy_ic_office_dwf_fields	Growth +5	false
effect_bundles_localised_title_derpy_ic_vacant_dwf_fields	Steward of the Holdfarms (Vacant)	false
effect_bundles_localised_description_derpy_ic_vacant_dwf_fields	The holdfarms lack hands to feed new households.	false
derpy_ic_effects_derpy_ic_vacant_dwf_fields	Growth -2	false
derpy_ic_office_name_dwf_fields	Steward of the Holdfarms	false
character_trait_levels_onscreen_name_derpy_ic_title_dwf_fields	Steward of the Holdfarms	false
character_trait_levels_colour_text_derpy_ic_title_dwf_fields	He brings in enough grain to feed new households.	false
character_trait_levels_explanation_text_derpy_ic_title_dwf_fields	Growth: +5	false
character_trait_levels_removal_text_derpy_ic_title_dwf_fields	He no longer holds the office.	false
effect_bundles_localised_title_derpy_ic_office_dwf_scribes	Keeper of the Lore	false
effect_bundles_localised_description_derpy_ic_office_dwf_scribes	He finds old designs the smiths can put to work.	false
derpy_ic_effects_derpy_ic_office_dwf_scribes	Research +5	false
effect_bundles_localised_title_derpy_ic_vacant_dwf_scribes	Keeper of the Lore (Vacant)	false
effect_bundles_localised_description_derpy_ic_vacant_dwf_scribes	The smiths repeat work from neglected old books.	false
derpy_ic_effects_derpy_ic_vacant_dwf_scribes	Research -2	false
derpy_ic_office_name_dwf_scribes	Keeper of the Lore	false
character_trait_levels_onscreen_name_derpy_ic_title_dwf_scribes	Keeper of the Lore	false
character_trait_levels_colour_text_derpy_ic_title_dwf_scribes	He finds old designs the smiths can put to work.	false
character_trait_levels_explanation_text_derpy_ic_title_dwf_scribes	Research rate: +5	false
character_trait_levels_removal_text_derpy_ic_title_dwf_scribes	He no longer holds the office.	false
effect_bundles_localised_title_derpy_ic_office_dwf_banners	Keeper of the Clan Banners	false
effect_bundles_localised_description_derpy_ic_office_dwf_banners	He gathers supplies for the Grudge Settlers from each clan.	false
derpy_ic_effects_derpy_ic_office_dwf_banners	Grudge Settler cost -10%	false
effect_bundles_localised_title_derpy_ic_vacant_dwf_banners	Keeper of the Clan Banners (Vacant)	false
effect_bundles_localised_description_derpy_ic_vacant_dwf_banners	The Grudge Settlers must buy their own supplies.	false
derpy_ic_effects_derpy_ic_vacant_dwf_banners	Grudge Settler cost +5%	false
derpy_ic_office_name_dwf_banners	Keeper of the Clan Banners	false
character_trait_levels_onscreen_name_derpy_ic_title_dwf_banners	Keeper of the Clan Banners	false
character_trait_levels_colour_text_derpy_ic_title_dwf_banners	He gathers supplies for the Grudge Settlers from each clan.	false
character_trait_levels_explanation_text_derpy_ic_title_dwf_banners	Recruitment cost: -10% for Grudge Settler units	false
character_trait_levels_removal_text_derpy_ic_title_dwf_banners	He no longer holds the office.	false
effect_bundles_localised_title_derpy_ic_control_dwf_grip	An Iron Grip on the Court	false
effect_bundles_localised_description_derpy_ic_control_dwf_grip	Every clan accepts the king's authority.	false
derpy_ic_effects_derpy_ic_control_dwf_grip	Control +6, Building income +12%, Upkeep -15%, Oathgold +5%	false
derpy_ic_control_name_dwf_grip	An Iron Grip on the Court	false
effect_bundles_localised_title_derpy_ic_control_dwf_mastery	Master of the Court	false
effect_bundles_localised_description_derpy_ic_control_dwf_mastery	The elders grumble but honour the king's decisions.	false
derpy_ic_effects_derpy_ic_control_dwf_mastery	Control +4, Building income +8%, Upkeep -10%	false
derpy_ic_control_name_dwf_mastery	Master of the Court	false
effect_bundles_localised_title_derpy_ic_control_dwf_command	In Command of the Court	false
effect_bundles_localised_description_derpy_ic_control_dwf_command	The king must hear the clans before he rules.	false
derpy_ic_effects_derpy_ic_control_dwf_command	Control +2	false
derpy_ic_control_name_dwf_command	In Command of the Court	false
effect_bundles_localised_title_derpy_ic_control_dwf_contested	A Contested Court	false
effect_bundles_localised_description_derpy_ic_control_dwf_contested	The clans bargain over each royal decree.	false
derpy_ic_effects_derpy_ic_control_dwf_contested	Control -2, Upkeep +5%	false
derpy_ic_control_name_dwf_contested	A Contested Court	false
effect_bundles_localised_title_derpy_ic_control_dwf_lost	The Court Is Not Yours	false
effect_bundles_localised_description_derpy_ic_control_dwf_lost	The clan elders decide matters without the king.	false
derpy_ic_effects_derpy_ic_control_dwf_lost	Control -8, Upkeep +20%, Building income -15%, Oathgold -5%	false
derpy_ic_control_name_dwf_lost	The Court Is Not Yours	false
effect_bundles_localised_title_derpy_ic_doctrine_dwf_conclave	The Council of Elders	false
effect_bundles_localised_description_derpy_ic_doctrine_dwf_conclave	The king hears each clan elder before the council decides.	false
derpy_ic_effects_derpy_ic_doctrine_dwf_conclave	Research +5	false
derpy_ic_doctrine_name_dwf_conclave	The Council of Elders	false
derpy_ic_doctrine_rule_dwf_conclave	Office terms are shorter. A man may take a seat again after 1 turn.	false
effect_bundles_localised_title_derpy_ic_doctrine_dwf_priest	The Ancestors' Writ	false
effect_bundles_localised_description_derpy_ic_doctrine_dwf_priest	The priests judge the hold by the laws of its Ancestors.	false
derpy_ic_effects_derpy_ic_doctrine_dwf_priest	Control +2	false
derpy_ic_doctrine_name_dwf_priest	The Ancestors' Writ	false
derpy_ic_doctrine_rule_dwf_priest	Each rank a man gains is worth double influence. Battles are worth less.	false
effect_bundles_localised_title_derpy_ic_doctrine_dwf_forge	The Forge-Throne	false
effect_bundles_localised_description_derpy_ic_doctrine_dwf_forge	The master smiths govern the hold between shifts at the forge.	false
derpy_ic_effects_derpy_ic_doctrine_dwf_forge	Oathgold +10%	false
derpy_ic_doctrine_name_dwf_forge	The Forge-Throne	false
derpy_ic_doctrine_rule_dwf_forge	Governors earn more income. Men at court earn less influence each turn.	false
effect_bundles_localised_title_derpy_ic_doctrine_dwf_legion	The War-King	false
effect_bundles_localised_description_derpy_ic_doctrine_dwf_legion	The king leads the shield wall. Clan thanes must fight beside him.	false
derpy_ic_effects_derpy_ic_doctrine_dwf_legion	Upkeep -5%	false
derpy_ic_doctrine_name_dwf_legion	The War-King	false
derpy_ic_doctrine_rule_dwf_legion	Battles are worth more influence and loyalty. Men at court earn no influence each turn.	false
effect_bundles_localised_title_derpy_ic_doctrine_dwf_chain	The Iron Law	false
effect_bundles_localised_description_derpy_ic_doctrine_dwf_chain	An oath sworn in the hold is kept, or it is written down.	false
derpy_ic_effects_derpy_ic_doctrine_dwf_chain	Grudge Settler slots +1	false
derpy_ic_doctrine_name_dwf_chain	The Iron Law	false
derpy_ic_doctrine_rule_dwf_chain	Ancestor Oath, Stand His Patron and Oath on the Anvil cost a third less. A broken oath costs 10 more loyalty.	false
effect_bundles_localised_title_derpy_ic_doctrine_dwf_convoy	The Reckoning-Throne	false
effect_bundles_localised_description_derpy_ic_doctrine_dwf_convoy	The king demands an account of every debt.	false
derpy_ic_effects_derpy_ic_doctrine_dwf_convoy	Trade tariffs +10%	false
derpy_ic_doctrine_name_dwf_convoy	The Reckoning-Throne	false
derpy_ic_doctrine_rule_dwf_convoy	Gifts and oaths cost less gold. Skimming the Tally angers the parties twice as much.	false
derpy_ic_law_cat_dwf_labour	Craft	false
effect_bundles_localised_title_derpy_ic_law_dwf_labour_measure	The Old Ways	false
effect_bundles_localised_description_derpy_ic_law_dwf_labour_measure	The clans work as their fathers worked.	false
derpy_ic_law_name_dwf_labour_measure	The Old Ways	false
effect_bundles_localised_title_derpy_ic_law_dwf_labour_lash	Deep Seams	false
effect_bundles_localised_description_derpy_ic_law_dwf_labour_lash	Send more miners into the deep seams. The holdfarms lose hands.	false
derpy_ic_effects_derpy_ic_law_dwf_labour_lash	Mine income +15%, Growth -3	false
derpy_ic_law_name_dwf_labour_lash	Deep Seams	false
derpy_ic_law_fx1_dwf_labour_lash	Income from Iron Mines, Gold Mines and Stone Quarries: +15%	false
derpy_ic_law_fx2_dwf_labour_lash	Growth: -3	false
effect_bundles_localised_title_derpy_ic_law_dwf_labour_kept	Hearth and Holdfarm	false
effect_bundles_localised_description_derpy_ic_law_dwf_labour_kept	The holdfarms get the hands they need before the mines.	false
derpy_ic_effects_derpy_ic_law_dwf_labour_kept	Growth +8, Mine income -10%	false
derpy_ic_law_name_dwf_labour_kept	Hearth and Holdfarm	false
derpy_ic_law_fx1_dwf_labour_kept	Growth: +8	false
derpy_ic_law_fx2_dwf_labour_kept	Income from Iron Mines, Gold Mines and Stone Quarries: -10%	false
effect_bundles_localised_title_derpy_ic_law_dwf_labour_quota	The Master's Mark	false
effect_bundles_localised_description_derpy_ic_law_dwf_labour_quota	Master smiths inspect every piece. Warriors wait for their equipment.	false
derpy_ic_effects_derpy_ic_law_dwf_labour_quota	Forge Oathgold cost -15%, Replenishment -5%	false
derpy_ic_law_name_dwf_labour_quota	The Master's Mark	false
derpy_ic_law_fx1_dwf_labour_quota	Oathgold cost for crafting in the Forge: -15%	false
derpy_ic_law_fx2_dwf_labour_quota	Casualty replenishment rate: -5%	false
effect_bundles_localised_title_derpy_ic_law_dwf_labour_ash	Raise the Halls	false
effect_bundles_localised_description_derpy_ic_law_dwf_labour_ash	Widen the halls at the counting-houses' expense.	false
derpy_ic_effects_derpy_ic_law_dwf_labour_ash	Construction cost -15%, Building income -5%	false
derpy_ic_law_name_dwf_labour_ash	Raise the Halls	false
derpy_ic_law_fx1_dwf_labour_ash	Construction cost: -15% for all buildings	false
derpy_ic_law_fx2_dwf_labour_ash	Income from all buildings: -5%	false
derpy_ic_law_cat_dwf_tribute	Tribute	false
effect_bundles_localised_title_derpy_ic_law_dwf_tribute_tithe	The King's Tithe	false
effect_bundles_localised_description_derpy_ic_law_dwf_tribute_tithe	Each clan owes the king its customary tithe.	false
derpy_ic_law_name_dwf_tribute_tithe	The King's Tithe	false
effect_bundles_localised_title_derpy_ic_law_dwf_tribute_roads	Open Underways	false
effect_bundles_localised_description_derpy_ic_law_dwf_tribute_roads	Clear the Underway for traders. Vassal holds owe less tribute.	false
derpy_ic_effects_derpy_ic_law_dwf_tribute_roads	Trade tariffs +15%, Movement range +5%, Vassal tribute -20%	false
derpy_ic_law_name_dwf_tribute_roads	Open Underways	false
derpy_ic_law_fx1_dwf_tribute_roads	Income from trade tariffs: +15%	false
derpy_ic_law_fx2_dwf_tribute_roads	Campaign movement range: +5%	false
derpy_ic_law_fx3_dwf_tribute_roads	Tribute from [[img:icon_vassal]][[/img]]vassals: -20%	false
effect_bundles_localised_title_derpy_ic_law_dwf_tribute_tariff	The Reckoners' Tariff	false
effect_bundles_localised_description_derpy_ic_law_dwf_tribute_tariff	Every hall pays the Reckoners. Traders pay at the gate and come less often.	false
derpy_ic_effects_derpy_ic_law_dwf_tribute_tariff	Building income +5%, Trade tariffs -10%	false
derpy_ic_law_name_dwf_tribute_tariff	The Reckoners' Tariff	false
derpy_ic_law_fx1_dwf_tribute_tariff	Income from all buildings: +5%	false
derpy_ic_law_fx2_dwf_tribute_tariff	Income from trade tariffs: -10%	false
effect_bundles_localised_title_derpy_ic_law_dwf_tribute_mines	The Oathgold Hoard	false
effect_bundles_localised_description_derpy_ic_law_dwf_tribute_mines	Gather Oathgold for the hold. Repairs to the roads must wait.	false
derpy_ic_effects_derpy_ic_law_dwf_tribute_mines	Oathgold +15%, Movement range -5%	false
derpy_ic_law_name_dwf_tribute_mines	The Oathgold Hoard	false
derpy_ic_law_fx1_dwf_tribute_mines	Oathgold from buildings: +15%	false
derpy_ic_law_fx2_dwf_tribute_mines	Campaign movement range: -5%	false
effect_bundles_localised_title_derpy_ic_law_dwf_tribute_charter	Hold Charters	false
effect_bundles_localised_description_derpy_ic_law_dwf_tribute_charter	Charter the holds to sell their craft. Warriors cost more to maintain.	false
derpy_ic_effects_derpy_ic_law_dwf_tribute_charter	Gem cutter income +15%, Trade goods +10%, Upkeep +5%	false
derpy_ic_law_name_dwf_tribute_charter	Hold Charters	false
derpy_ic_law_fx1_dwf_tribute_charter	Income from Gem Cutters and Obsidian Quarries: +15%	false
derpy_ic_law_fx2_dwf_tribute_charter	Tradable resources produced: +10%	false
derpy_ic_law_fx3_dwf_tribute_charter	Upkeep: +5%	false
derpy_ic_law_cat_dwf_worship	Ancestors	false
effect_bundles_localised_title_derpy_ic_law_dwf_worship_rites	The Ancestors' Rites	false
effect_bundles_localised_description_derpy_ic_law_dwf_worship_rites	The clans honour their Ancestors.	false
derpy_ic_law_name_dwf_worship_rites	The Ancestors' Rites	false
effect_bundles_localised_title_derpy_ic_law_dwf_worship_fires	Valaya's Hearth	false
effect_bundles_localised_description_derpy_ic_law_dwf_worship_fires	Supply Valaya's hearths before the loremasters' work.	false
derpy_ic_effects_derpy_ic_law_dwf_worship_fires	Control +2, Growth +3, Research -5	false
derpy_ic_law_name_dwf_worship_fires	Valaya's Hearth	false
derpy_ic_law_fx1_dwf_worship_fires	Control: +2	false
derpy_ic_law_fx2_dwf_worship_fires	Growth: +3	false
derpy_ic_law_fx3_dwf_worship_fires	Research rate: -5	false
effect_bundles_localised_title_derpy_ic_law_dwf_worship_seats	Rune-Lore	false
effect_bundles_localised_description_derpy_ic_law_dwf_worship_seats	Give the runesmiths leave to work. The shrines receive less.	false
derpy_ic_effects_derpy_ic_law_dwf_worship_seats	Rune Oathgold cost -15%, Control -1	false
derpy_ic_law_name_dwf_worship_seats	Rune-Lore	false
derpy_ic_law_fx1_dwf_worship_seats	Oathgold cost for crafting Runes: -15%	false
derpy_ic_law_fx2_dwf_worship_seats	Control: -1	false
effect_bundles_localised_title_derpy_ic_law_dwf_worship_lore	The Lore of the Book	false
effect_bundles_localised_description_derpy_ic_law_dwf_worship_lore	Call clansmen from the holdfarms to study the old books.	false
derpy_ic_effects_derpy_ic_law_dwf_worship_lore	Research +10, Growth -3	false
derpy_ic_law_name_dwf_worship_lore	The Lore of the Book	false
derpy_ic_law_fx1_dwf_worship_lore	Research rate: +10	false
derpy_ic_law_fx2_dwf_worship_lore	Growth: -3	false
effect_bundles_localised_title_derpy_ic_law_dwf_worship_licence	The Anvil's Licence	false
effect_bundles_localised_description_derpy_ic_law_dwf_worship_licence	The forge is licensed to work without the priests' leave.	false
derpy_ic_effects_derpy_ic_law_dwf_worship_licence	Forge Oathgold cost -10%, Control -1	false
derpy_ic_law_name_dwf_worship_licence	The Anvil's Licence	false
derpy_ic_law_fx1_dwf_worship_licence	Oathgold cost for crafting in the Forge: -10%	false
derpy_ic_law_fx2_dwf_worship_licence	Control: -1	false
derpy_ic_law_cat_dwf_war	War	false
effect_bundles_localised_title_derpy_ic_law_dwf_war_levy	The Muster	false
effect_bundles_localised_description_derpy_ic_law_dwf_war_levy	Each clan sends its customary muster.	false
derpy_ic_law_name_dwf_war_levy	The Muster	false
effect_bundles_localised_title_derpy_ic_law_dwf_war_grudge	Grudge Settlers	false
effect_bundles_localised_description_derpy_ic_law_dwf_war_grudge	The king funds the Grudge Settlers from the counting-houses.	false
derpy_ic_effects_derpy_ic_law_dwf_war_grudge	Grudge Settler cost -15%, Grudge Settler slots +1, Building income -5%	false
derpy_ic_law_name_dwf_war_grudge	Grudge Settlers	false
derpy_ic_law_fx1_dwf_war_grudge	Recruitment cost: -15% for Grudge Settler units	false
derpy_ic_law_fx2_dwf_war_grudge	+1 Grudge Settler unit capacity per army	false
derpy_ic_law_fx3_dwf_war_grudge	Income from all buildings: -5%	false
effect_bundles_localised_title_derpy_ic_law_dwf_war_hellforge	Batteries of the Hold	false
effect_bundles_localised_description_derpy_ic_law_dwf_war_hellforge	Guns come first. Infantry costs more to recruit.	false
derpy_ic_effects_derpy_ic_law_dwf_war_hellforge	War machine upkeep -10%, Artillery damage +5%, Infantry cost +10%	false
derpy_ic_law_name_dwf_war_hellforge	Batteries of the Hold	false
derpy_ic_law_fx1_dwf_war_hellforge	Upkeep: -10% for Artillery and Flying War Machine units	false
derpy_ic_law_fx2_dwf_war_hellforge	Missile strength: +5% for Bolt Throwers, Grudge Thrower, Cannon, Goblin Hewer and Organ Gun units	false
derpy_ic_law_fx3_dwf_war_hellforge	Recruitment cost: +10% for Infantry units	false
effect_bundles_localised_title_derpy_ic_law_dwf_war_legions	Clan Hosts	false
effect_bundles_localised_description_derpy_ic_law_dwf_war_legions	Equip the clan hosts. The gun batteries must wait.	false
derpy_ic_effects_derpy_ic_law_dwf_war_legions	Infantry cost -10%, War machine upkeep +10%	false
derpy_ic_law_name_dwf_war_legions	Clan Hosts	false
derpy_ic_law_fx1_dwf_war_legions	Recruitment cost: -10% for Infantry units	false
derpy_ic_law_fx2_dwf_war_legions	Upkeep: +10% for Artillery and Flying War Machine units	false
effect_bundles_localised_title_derpy_ic_law_dwf_war_gunnery	Thunder and Iron	false
effect_bundles_localised_description_derpy_ic_law_dwf_war_gunnery	Engineers train the gun crews and Thunderers. Recruits cost more.	false
derpy_ic_effects_derpy_ic_law_dwf_war_gunnery	Thunderer range +10%, Artillery rank +1, Recruitment cost +5%	false
derpy_ic_law_name_dwf_war_gunnery	Thunder and Iron	false
derpy_ic_law_fx1_dwf_war_gunnery	Range: +10% for Thunderer and Slayer Pirate units	false
derpy_ic_law_fx2_dwf_war_gunnery	Recruit rank: +1 for Artillery and Flying War Machine units	false
derpy_ic_law_fx3_dwf_war_gunnery	Recruitment cost: +5%	false
effect_bundles_localised_title_derpy_ic_gov_dwf_base	Governor of the Province	false
effect_bundles_localised_description_derpy_ic_gov_dwf_base	The king's governor answers for this province.	false
derpy_ic_effects_derpy_ic_gov_dwf_base	Control +2, Growth +5	false
effect_bundles_localised_title_derpy_ic_gov_house_dwf_crown	Governor: The Throne-Sworn	false
effect_bundles_localised_description_derpy_ic_gov_house_dwf_crown	The king's retainers answer for this province.	false
derpy_ic_effects_derpy_ic_gov_house_dwf_crown	Control +4	false
derpy_ic_party_name_dwf_crown	The Throne-Sworn	false
effect_bundles_localised_title_derpy_ic_gov_house_dwf_temple	Governor: The Ancestor Priesthood	false
effect_bundles_localised_description_derpy_ic_gov_house_dwf_temple	The priests tend its clan shrines and keep its old grudges alive.	false
derpy_ic_effects_derpy_ic_gov_house_dwf_temple	Control +3	false
derpy_ic_party_name_dwf_temple	The Ancestor Priesthood	false
effect_bundles_localised_title_derpy_ic_gov_house_dwf_forge	Governor: The Forgewrights	false
effect_bundles_localised_description_derpy_ic_gov_house_dwf_forge	The Forgewrights collect Oathgold from the province's workshops.	false
derpy_ic_effects_derpy_ic_gov_house_dwf_forge	Oathgold +6%	false
derpy_ic_party_name_dwf_forge	The Forgewrights	false
effect_bundles_localised_title_derpy_ic_gov_house_dwf_chain	Governor: The Deepdelvers	false
effect_bundles_localised_description_derpy_ic_gov_house_dwf_chain	The Deepdelvers weigh the spoils brought home by their warriors.	false
derpy_ic_effects_derpy_ic_gov_house_dwf_chain	Post-battle loot +10%	false
derpy_ic_party_name_dwf_chain	The Deepdelvers	false
effect_bundles_localised_title_derpy_ic_gov_house_dwf_legion	Governor: The Clan Warriors	false
effect_bundles_localised_description_derpy_ic_gov_house_dwf_legion	A thane knows what his clan needs to defend the hold.	false
derpy_ic_effects_derpy_ic_gov_house_dwf_legion	Upkeep -6%	false
derpy_ic_party_name_dwf_legion	The Clan Warriors	false
effect_bundles_localised_title_derpy_ic_gov_house_dwf_ledger	Governor: The Reckoners	false
effect_bundles_localised_description_derpy_ic_gov_house_dwf_ledger	The Reckoners collect every debt owed to the hold.	false
derpy_ic_effects_derpy_ic_gov_house_dwf_ledger	Building income +6%	false
derpy_ic_party_name_dwf_ledger	The Reckoners	false
effect_bundles_localised_title_derpy_ic_gov_house_dwf_tower	Governor: The Runesmiths	false
effect_bundles_localised_description_derpy_ic_gov_house_dwf_tower	The Runesmiths put the hold's old lore to use.	false
derpy_ic_effects_derpy_ic_gov_house_dwf_tower	Research +5	false
derpy_ic_party_name_dwf_tower	The Runesmiths	false
effect_bundles_localised_title_derpy_ic_gov_house_dwf_road	Governor: The Underway Wardens	false
effect_bundles_localised_description_derpy_ic_gov_house_dwf_road	The Underway Wardens clear safe routes beneath the mountains.	false
derpy_ic_effects_derpy_ic_gov_house_dwf_road	Movement range +4%	false
derpy_ic_party_name_dwf_road	The Underway Wardens	false
effect_bundles_localised_title_derpy_ic_gov_house_dwf_hearth	Governor: The Hearth Clans	false
effect_bundles_localised_description_derpy_ic_gov_house_dwf_hearth	The Hearth Clans care for wounded warriors until they can march again.	false
derpy_ic_effects_derpy_ic_gov_house_dwf_hearth	Replenishment +8%	false
derpy_ic_party_name_dwf_hearth	The Hearth Clans	false
effect_bundles_localised_title_derpy_ic_envoy_dwf_ctl	Envoy: Control	false
effect_bundles_localised_description_derpy_ic_envoy_dwf_ctl	The king's envoy settles disputes here.	false
derpy_ic_effects_derpy_ic_envoy_dwf_ctl	Control +6	false
effect_bundles_localised_title_derpy_ic_envoy_dwf_oath	Envoy: Oathgold	false
effect_bundles_localised_description_derpy_ic_envoy_dwf_oath	The king's envoy collects Oathgold from the forges.	false
derpy_ic_effects_derpy_ic_envoy_dwf_oath	Oathgold +20%	false
effect_bundles_localised_title_derpy_ic_envoy_dwf_grow	Envoy: Growth	false
effect_bundles_localised_description_derpy_ic_envoy_dwf_grow	The king's envoy sees to the holdfarms.	false
derpy_ic_effects_derpy_ic_envoy_dwf_grow	Growth +5	false
effect_bundles_localised_title_derpy_ic_envoy_dwf_rec	Envoy: Recruitment	false
effect_bundles_localised_description_derpy_ic_envoy_dwf_rec	The king's envoy reduces the cost of the clan muster.	false
derpy_ic_effects_derpy_ic_envoy_dwf_rec	Recruitment cost -15%	false
derpy_ic_origin_name_dwf_karaz	Karaz-a-Karak	false
character_trait_levels_onscreen_name_derpy_ic_house_dwf_karaz	Born: Karaz-a-Karak	false
character_trait_levels_colour_text_derpy_ic_house_dwf_karaz	He grew up hearing the High King's judgements in the great hall.	false
character_trait_levels_explanation_text_derpy_ic_house_dwf_karaz	Where he was born. It has no effect at court.	false
character_trait_levels_removal_text_derpy_ic_house_dwf_karaz	His origin has been struck from the rolls.	false
derpy_ic_origin_name_dwf_kadrin	Karak Kadrin	false
character_trait_levels_onscreen_name_derpy_ic_house_dwf_kadrin	Born: Karak Kadrin	false
character_trait_levels_colour_text_derpy_ic_house_dwf_kadrin	He grew up in Kadrin among Slayers sworn to seek their deaths.	false
character_trait_levels_explanation_text_derpy_ic_house_dwf_kadrin	Where he was born. It has no effect at court.	false
character_trait_levels_removal_text_derpy_ic_house_dwf_kadrin	His origin has been struck from the rolls.	false
derpy_ic_origin_name_dwf_angrund	Clan Angrund	false
character_trait_levels_onscreen_name_derpy_ic_house_dwf_angrund	Born: Clan Angrund	false
character_trait_levels_colour_text_derpy_ic_house_dwf_angrund	Clan Angrund taught him the loss of Eight Peaks. He means to reclaim it.	false
character_trait_levels_explanation_text_derpy_ic_house_dwf_angrund	Where he was born. It has no effect at court.	false
character_trait_levels_removal_text_derpy_ic_house_dwf_angrund	His origin has been struck from the rolls.	false
derpy_ic_origin_name_dwf_throng	the Ancestral Throng	false
character_trait_levels_onscreen_name_derpy_ic_house_dwf_throng	Born: The Ancestral Throng	false
character_trait_levels_colour_text_derpy_ic_house_dwf_throng	He marched with the Throng to places named in the oldest clan tales.	false
character_trait_levels_explanation_text_derpy_ic_house_dwf_throng	Where he was born. It has no effect at court.	false
character_trait_levels_removal_text_derpy_ic_house_dwf_throng	His origin has been struck from the rolls.	false
derpy_ic_origin_name_dwf_ironbrow	Ironbrow's Expedition	false
character_trait_levels_onscreen_name_derpy_ic_house_dwf_ironbrow	Born: Ironbrow's Expedition	false
character_trait_levels_colour_text_derpy_ic_house_dwf_ironbrow	Ironbrow's people go further from home than any dwarf should.	false
character_trait_levels_explanation_text_derpy_ic_house_dwf_ironbrow	Where he was born. It has no effect at court.	false
character_trait_levels_removal_text_derpy_ic_house_dwf_ironbrow	His origin has been struck from the rolls.	false
derpy_ic_origin_name_dwf_malakai	the Masters of Innovation	false
character_trait_levels_onscreen_name_derpy_ic_house_dwf_malakai	Born: The Masters of Innovation	false
character_trait_levels_colour_text_derpy_ic_house_dwf_malakai	He trusts Malakai's flying machines. His elders disapprove.	false
character_trait_levels_explanation_text_derpy_ic_house_dwf_malakai	Where he was born. It has no effect at court.	false
character_trait_levels_removal_text_derpy_ic_house_dwf_malakai	His origin has been struck from the rolls.	false
derpy_ic_origin_name_dwf_barakvarr	Barak Varr	false
character_trait_levels_onscreen_name_derpy_ic_house_dwf_barakvarr	Born: Barak Varr	false
character_trait_levels_colour_text_derpy_ic_house_dwf_barakvarr	He learned his trade among the ships at Barak Varr.	false
character_trait_levels_explanation_text_derpy_ic_house_dwf_barakvarr	Where he was born. It has no effect at court.	false
character_trait_levels_removal_text_derpy_ic_house_dwf_barakvarr	His origin has been struck from the rolls.	false
derpy_ic_origin_name_dwf_zhufbar	Zhufbar	false
character_trait_levels_onscreen_name_derpy_ic_house_dwf_zhufbar	Born: Zhufbar	false
character_trait_levels_colour_text_derpy_ic_house_dwf_zhufbar	Zhufbar-born: he knows an engine by its sound.	false
character_trait_levels_explanation_text_derpy_ic_house_dwf_zhufbar	Where he was born. It has no effect at court.	false
character_trait_levels_removal_text_derpy_ic_house_dwf_zhufbar	His origin has been struck from the rolls.	false
derpy_ic_origin_name_dwf_krakadrak	Kraka Drak	false
character_trait_levels_onscreen_name_derpy_ic_house_dwf_krakadrak	Born: Kraka Drak	false
character_trait_levels_colour_text_derpy_ic_house_dwf_krakadrak	He learned to endure the northern winters at Kraka Drak.	false
character_trait_levels_explanation_text_derpy_ic_house_dwf_krakadrak	Where he was born. It has no effect at court.	false
character_trait_levels_removal_text_derpy_ic_house_dwf_krakadrak	His origin has been struck from the rolls.	false
derpy_ic_origin_name_dwf_azorn	Karak Azorn	false
character_trait_levels_onscreen_name_derpy_ic_house_dwf_azorn	Born: Karak Azorn	false
character_trait_levels_colour_text_derpy_ic_house_dwf_azorn	Azorn taught him to watch the east.	false
character_trait_levels_explanation_text_derpy_ic_house_dwf_azorn	Where he was born. It has no effect at court.	false
character_trait_levels_removal_text_derpy_ic_house_dwf_azorn	His origin has been struck from the rolls.	false
derpy_ic_origin_name_dwf_norn	Karak Norn	false
character_trait_levels_onscreen_name_derpy_ic_house_dwf_norn	Born: Karak Norn	false
character_trait_levels_colour_text_derpy_ic_house_dwf_norn	He judges stonework against the halls of Karak Norn.	false
character_trait_levels_explanation_text_derpy_ic_house_dwf_norn	Where he was born. It has no effect at court.	false
character_trait_levels_removal_text_derpy_ic_house_dwf_norn	His origin has been struck from the rolls.	false
derpy_ic_origin_name_dwf_hirn	Karak Hirn	false
character_trait_levels_onscreen_name_derpy_ic_house_dwf_hirn	Born: Karak Hirn	false
character_trait_levels_colour_text_derpy_ic_house_dwf_hirn	He knows the sound of wind in Karak Hirn's caverns.	false
character_trait_levels_explanation_text_derpy_ic_house_dwf_hirn	Where he was born. It has no effect at court.	false
character_trait_levels_removal_text_derpy_ic_house_dwf_hirn	His origin has been struck from the rolls.	false
derpy_ic_origin_name_dwf_azul	Karak Azul	false
character_trait_levels_onscreen_name_derpy_ic_house_dwf_azul	Born: Karak Azul	false
character_trait_levels_colour_text_derpy_ic_house_dwf_azul	He learned his craft at Azul's anvils.	false
character_trait_levels_explanation_text_derpy_ic_house_dwf_azul	Where he was born. It has no effect at court.	false
character_trait_levels_removal_text_derpy_ic_house_dwf_azul	His origin has been struck from the rolls.	false
derpy_ic_origin_name_dwf_ziflin	Karak Ziflin	false
character_trait_levels_onscreen_name_derpy_ic_house_dwf_ziflin	Born: Karak Ziflin	false
character_trait_levels_colour_text_derpy_ic_house_dwf_ziflin	Ziflin-born, from a small hold with a long memory.	false
character_trait_levels_explanation_text_derpy_ic_house_dwf_ziflin	Where he was born. It has no effect at court.	false
character_trait_levels_removal_text_derpy_ic_house_dwf_ziflin	His origin has been struck from the rolls.	false
derpy_ic_origin_name_dwf_rangers	the Ranger clans	false
character_trait_levels_onscreen_name_derpy_ic_house_dwf_rangers	Born: The Ranger clans	false
character_trait_levels_colour_text_derpy_ic_house_dwf_rangers	Ranger clans taught him to watch the passes for greenskins.	false
character_trait_levels_explanation_text_derpy_ic_house_dwf_rangers	Where he was born. It has no effect at court.	false
character_trait_levels_removal_text_derpy_ic_house_dwf_rangers	His origin has been struck from the rolls.	false
derpy_ic_origin_name_dwf_deeps	the Deeps	false
character_trait_levels_onscreen_name_derpy_ic_house_dwf_deeps	Born: The Deeps	false
character_trait_levels_colour_text_derpy_ic_house_dwf_deeps	He grew up in the Deeps. He knows the stone above him is sound.	false
character_trait_levels_explanation_text_derpy_ic_house_dwf_deeps	Where he was born. It has no effect at court.	false
character_trait_levels_removal_text_derpy_ic_house_dwf_deeps	His origin has been struck from the rolls.	false
derpy_ic_origin_name_dwf_grey	the Grey Mountains	false
character_trait_levels_onscreen_name_derpy_ic_house_dwf_grey	Born: The Grey Mountains	false
character_trait_levels_colour_text_derpy_ic_house_dwf_grey	He knows the passes between the holds of the Grey Mountains.	false
character_trait_levels_explanation_text_derpy_ic_house_dwf_grey	Where he was born. It has no effect at court.	false
character_trait_levels_removal_text_derpy_ic_house_dwf_grey	His origin has been struck from the rolls.	false
derpy_ic_origin_name_dwf_black	the Black Mountains	false
character_trait_levels_onscreen_name_derpy_ic_house_dwf_black	Born: The Black Mountains	false
character_trait_levels_colour_text_derpy_ic_house_dwf_black	From the Black Mountains, where the greenskins are never far.	false
character_trait_levels_explanation_text_derpy_ic_house_dwf_black	Where he was born. It has no effect at court.	false
character_trait_levels_removal_text_derpy_ic_house_dwf_black	His origin has been struck from the rolls.	false
derpy_ic_bg_name_dwf_kinguard	Household Warrior	false
character_trait_levels_onscreen_name_derpy_ic_bg_dwf_kinguard	Household Warrior	false
character_trait_levels_colour_text_derpy_ic_bg_dwf_kinguard	The king trusted him to guard his household before taking him to war.	false
character_trait_levels_explanation_text_derpy_ic_bg_dwf_kinguard	His former trade. It decides which party he sits with.	false
character_trait_levels_removal_text_derpy_ic_bg_dwf_kinguard	He no longer follows this trade.	false
derpy_ic_bg_name_dwf_lineblood	Blood of the Line	false
character_trait_levels_onscreen_name_derpy_ic_bg_dwf_lineblood	Blood of the Line	false
character_trait_levels_colour_text_derpy_ic_bg_dwf_lineblood	His clan can trace its kinship to the royal line.	false
character_trait_levels_explanation_text_derpy_ic_bg_dwf_lineblood	His former trade. It decides which party he sits with.	false
character_trait_levels_removal_text_derpy_ic_bg_dwf_lineblood	He no longer follows this trade.	false
derpy_ic_bg_name_dwf_oathsworn	Oath-Sworn Hand	false
character_trait_levels_onscreen_name_derpy_ic_bg_dwf_oathsworn	Oath-Sworn Hand	false
character_trait_levels_colour_text_derpy_ic_bg_dwf_oathsworn	The Ancestors witnessed his oath to the king. He will keep it.	false
character_trait_levels_explanation_text_derpy_ic_bg_dwf_oathsworn	His former trade. It decides which party he sits with.	false
character_trait_levels_removal_text_derpy_ic_bg_dwf_oathsworn	He no longer follows this trade.	false
derpy_ic_bg_name_dwf_shrinekeeper	Shrine-Keeper	false
character_trait_levels_onscreen_name_derpy_ic_bg_dwf_shrinekeeper	Shrine-Keeper	false
character_trait_levels_colour_text_derpy_ic_bg_dwf_shrinekeeper	He tends the ancestor shrines. He knows every name in the stone.	false
character_trait_levels_explanation_text_derpy_ic_bg_dwf_shrinekeeper	His former trade. It decides which party he sits with.	false
character_trait_levels_removal_text_derpy_ic_bg_dwf_shrinekeeper	He no longer follows this trade.	false
derpy_ic_bg_name_dwf_valayan	Priest of Valaya	false
character_trait_levels_onscreen_name_derpy_ic_bg_dwf_valayan	Priest of Valaya	false
character_trait_levels_colour_text_derpy_ic_bg_dwf_valayan	Valaya's priest. The hearth is his altar and the hold his charge.	false
character_trait_levels_explanation_text_derpy_ic_bg_dwf_valayan	His former trade. It decides which party he sits with.	false
character_trait_levels_removal_text_derpy_ic_bg_dwf_valayan	He no longer follows this trade.	false
derpy_ic_bg_name_dwf_tombwarden	Warden of the Tombs	false
character_trait_levels_onscreen_name_derpy_ic_bg_dwf_tombwarden	Warden of the Tombs	false
character_trait_levels_colour_text_derpy_ic_bg_dwf_tombwarden	He has kept watch over the clan tombs for years.	false
character_trait_levels_explanation_text_derpy_ic_bg_dwf_tombwarden	His former trade. It decides which party he sits with.	false
character_trait_levels_removal_text_derpy_ic_bg_dwf_tombwarden	He no longer follows this trade.	false
derpy_ic_bg_name_dwf_smith	Gromril Smith	false
character_trait_levels_onscreen_name_derpy_ic_bg_dwf_smith	Gromril Smith	false
character_trait_levels_colour_text_derpy_ic_bg_dwf_smith	A tap of his hammer tells him whether gromril is sound.	false
character_trait_levels_explanation_text_derpy_ic_bg_dwf_smith	His former trade. It decides which party he sits with.	false
character_trait_levels_removal_text_derpy_ic_bg_dwf_smith	He no longer follows this trade.	false
derpy_ic_bg_name_dwf_engineer	Engineer	false
character_trait_levels_onscreen_name_derpy_ic_bg_dwf_engineer	Engineer	false
character_trait_levels_colour_text_derpy_ic_bg_dwf_engineer	He checks every gun himself before the warriors trust it.	false
character_trait_levels_explanation_text_derpy_ic_bg_dwf_engineer	His former trade. It decides which party he sits with.	false
character_trait_levels_removal_text_derpy_ic_bg_dwf_engineer	He no longer follows this trade.	false
derpy_ic_bg_name_dwf_foundry	Foundry Master	false
character_trait_levels_onscreen_name_derpy_ic_bg_dwf_foundry	Foundry Master	false
character_trait_levels_colour_text_derpy_ic_bg_dwf_foundry	Twenty years at the foundry have scorched his beard.	false
character_trait_levels_explanation_text_derpy_ic_bg_dwf_foundry	His former trade. It decides which party he sits with.	false
character_trait_levels_removal_text_derpy_ic_bg_dwf_foundry	He no longer follows this trade.	false
derpy_ic_bg_name_dwf_miner	Miner	false
character_trait_levels_onscreen_name_derpy_ic_bg_dwf_miner	Miner	false
character_trait_levels_colour_text_derpy_ic_bg_dwf_miner	He has dug further down than most dwarfs have ever been.	false
character_trait_levels_explanation_text_derpy_ic_bg_dwf_miner	His former trade. It decides which party he sits with.	false
character_trait_levels_removal_text_derpy_ic_bg_dwf_miner	He no longer follows this trade.	false
derpy_ic_bg_name_dwf_prospector	Prospector	false
character_trait_levels_onscreen_name_derpy_ic_bg_dwf_prospector	Prospector	false
character_trait_levels_colour_text_derpy_ic_bg_dwf_prospector	His claims on new seams have made his clan wealthy.	false
character_trait_levels_explanation_text_derpy_ic_bg_dwf_prospector	His former trade. It decides which party he sits with.	false
character_trait_levels_removal_text_derpy_ic_bg_dwf_prospector	He no longer follows this trade.	false
derpy_ic_bg_name_dwf_tunneller	Tunneller	false
character_trait_levels_onscreen_name_derpy_ic_bg_dwf_tunneller	Tunneller	false
character_trait_levels_colour_text_derpy_ic_bg_dwf_tunneller	He can hear rock about to give before it gives.	false
character_trait_levels_explanation_text_derpy_ic_bg_dwf_tunneller	His former trade. It decides which party he sits with.	false
character_trait_levels_removal_text_derpy_ic_bg_dwf_tunneller	He no longer follows this trade.	false
derpy_ic_bg_name_dwf_longbeard	Longbeard	false
character_trait_levels_onscreen_name_derpy_ic_bg_dwf_longbeard	Longbeard	false
character_trait_levels_colour_text_derpy_ic_bg_dwf_longbeard	He remembers better days and expects the young to listen.	false
character_trait_levels_explanation_text_derpy_ic_bg_dwf_longbeard	His former trade. It decides which party he sits with.	false
character_trait_levels_removal_text_derpy_ic_bg_dwf_longbeard	He no longer follows this trade.	false
derpy_ic_bg_name_dwf_ironbreaker	Ironbreaker	false
character_trait_levels_onscreen_name_derpy_ic_bg_dwf_ironbreaker	Ironbreaker	false
character_trait_levels_colour_text_derpy_ic_bg_dwf_ironbreaker	He has held the underways against things that never come up to the light.	false
character_trait_levels_explanation_text_derpy_ic_bg_dwf_ironbreaker	His former trade. It decides which party he sits with.	false
character_trait_levels_removal_text_derpy_ic_bg_dwf_ironbreaker	He no longer follows this trade.	false
derpy_ic_bg_name_dwf_thane	Thane of a Clan	false
character_trait_levels_onscreen_name_derpy_ic_bg_dwf_thane	Thane of a Clan	false
character_trait_levels_colour_text_derpy_ic_bg_dwf_thane	He answers for his clan's honour, however few its warriors.	false
character_trait_levels_explanation_text_derpy_ic_bg_dwf_thane	His former trade. It decides which party he sits with.	false
character_trait_levels_removal_text_derpy_ic_bg_dwf_thane	He no longer follows this trade.	false
derpy_ic_bg_name_dwf_reckoner	Reckoner of Debts	false
character_trait_levels_onscreen_name_derpy_ic_bg_dwf_reckoner	Reckoner of Debts	false
character_trait_levels_colour_text_derpy_ic_bg_dwf_reckoner	He remembers every debt owed to his clan.	false
character_trait_levels_explanation_text_derpy_ic_bg_dwf_reckoner	His former trade. It decides which party he sits with.	false
character_trait_levels_removal_text_derpy_ic_bg_dwf_reckoner	He no longer follows this trade.	false
derpy_ic_bg_name_dwf_trader	Hold Trader	false
character_trait_levels_onscreen_name_derpy_ic_bg_dwf_trader	Hold Trader	false
character_trait_levels_colour_text_derpy_ic_bg_dwf_trader	He checks every coin a foreign trader offers.	false
character_trait_levels_explanation_text_derpy_ic_bg_dwf_trader	His former trade. It decides which party he sits with.	false
character_trait_levels_removal_text_derpy_ic_bg_dwf_trader	He no longer follows this trade.	false
derpy_ic_bg_name_dwf_goldsmith	Goldsmith	false
character_trait_levels_onscreen_name_derpy_ic_bg_dwf_goldsmith	Goldsmith	false
character_trait_levels_colour_text_derpy_ic_bg_dwf_goldsmith	He weighs gold by eye and is never more than a grain out.	false
character_trait_levels_explanation_text_derpy_ic_bg_dwf_goldsmith	His former trade. It decides which party he sits with.	false
character_trait_levels_removal_text_derpy_ic_bg_dwf_goldsmith	He no longer follows this trade.	false
derpy_ic_bg_name_dwf_runesmith	Runesmith	false
character_trait_levels_onscreen_name_derpy_ic_bg_dwf_runesmith	Runesmith	false
character_trait_levels_colour_text_derpy_ic_bg_dwf_runesmith	His master entrusted him with runes he will never teach outsiders.	false
character_trait_levels_explanation_text_derpy_ic_bg_dwf_runesmith	His former trade. It decides which party he sits with.	false
character_trait_levels_removal_text_derpy_ic_bg_dwf_runesmith	He no longer follows this trade.	false
derpy_ic_bg_name_dwf_loremaster	Loremaster	false
character_trait_levels_onscreen_name_derpy_ic_bg_dwf_loremaster	Loremaster	false
character_trait_levels_colour_text_derpy_ic_bg_dwf_loremaster	He knows which old records still matter to the hold.	false
character_trait_levels_explanation_text_derpy_ic_bg_dwf_loremaster	His former trade. It decides which party he sits with.	false
character_trait_levels_removal_text_derpy_ic_bg_dwf_loremaster	He no longer follows this trade.	false
derpy_ic_bg_name_dwf_scribe	Grudge-Scribe	false
character_trait_levels_onscreen_name_derpy_ic_bg_dwf_scribe	Grudge-Scribe	false
character_trait_levels_colour_text_derpy_ic_bg_dwf_scribe	He leaves no wrong out of the Book.	false
character_trait_levels_explanation_text_derpy_ic_bg_dwf_scribe	His former trade. It decides which party he sits with.	false
character_trait_levels_removal_text_derpy_ic_bg_dwf_scribe	He no longer follows this trade.	false
derpy_ic_bg_name_dwf_ranger	Ranger	false
character_trait_levels_onscreen_name_derpy_ic_bg_dwf_ranger	Ranger	false
character_trait_levels_colour_text_derpy_ic_bg_dwf_ranger	He spots a greenskin trail where others see bare rock.	false
character_trait_levels_explanation_text_derpy_ic_bg_dwf_ranger	His former trade. It decides which party he sits with.	false
character_trait_levels_removal_text_derpy_ic_bg_dwf_ranger	He no longer follows this trade.	false
derpy_ic_bg_name_dwf_wayfinder	Wayfinder	false
character_trait_levels_onscreen_name_derpy_ic_bg_dwf_wayfinder	Wayfinder	false
character_trait_levels_colour_text_derpy_ic_bg_dwf_wayfinder	He knows the old roads the maps have forgotten.	false
character_trait_levels_explanation_text_derpy_ic_bg_dwf_wayfinder	His former trade. It decides which party he sits with.	false
character_trait_levels_removal_text_derpy_ic_bg_dwf_wayfinder	He no longer follows this trade.	false
derpy_ic_bg_name_dwf_underwarden	Underway Sentry	false
character_trait_levels_onscreen_name_derpy_ic_bg_dwf_underwarden	Underway Sentry	false
character_trait_levels_colour_text_derpy_ic_bg_dwf_underwarden	He guards the crossings where greenskins enter the Underway.	false
character_trait_levels_explanation_text_derpy_ic_bg_dwf_underwarden	His former trade. It decides which party he sits with.	false
character_trait_levels_removal_text_derpy_ic_bg_dwf_underwarden	He no longer follows this trade.	false
derpy_ic_bg_name_dwf_farmer	Holdfarmer	false
character_trait_levels_onscreen_name_derpy_ic_bg_dwf_farmer	Holdfarmer	false
character_trait_levels_colour_text_derpy_ic_bg_dwf_farmer	He brings in the hold's barley before the mountain frosts.	false
character_trait_levels_explanation_text_derpy_ic_bg_dwf_farmer	His former trade. It decides which party he sits with.	false
character_trait_levels_removal_text_derpy_ic_bg_dwf_farmer	He no longer follows this trade.	false
derpy_ic_bg_name_dwf_brewer	Brewer	false
character_trait_levels_onscreen_name_derpy_ic_bg_dwf_brewer	Brewer	false
character_trait_levels_colour_text_derpy_ic_bg_dwf_brewer	He knows a spoiled barrel before anyone lifts a tankard.	false
character_trait_levels_explanation_text_derpy_ic_bg_dwf_brewer	His former trade. It decides which party he sits with.	false
character_trait_levels_removal_text_derpy_ic_bg_dwf_brewer	He no longer follows this trade.	false
derpy_ic_bg_name_dwf_clanelder	Clan Elder	false
character_trait_levels_onscreen_name_derpy_ic_bg_dwf_clanelder	Clan Elder	false
character_trait_levels_colour_text_derpy_ic_bg_dwf_clanelder	He hears every clan dispute, however petty.	false
character_trait_levels_explanation_text_derpy_ic_bg_dwf_clanelder	His former trade. It decides which party he sits with.	false
character_trait_levels_removal_text_derpy_ic_bg_dwf_clanelder	He no longer follows this trade.	false
character_trait_levels_onscreen_name_derpy_ic_standing_dwf_0	Unproven at Court	false
character_trait_levels_colour_text_derpy_ic_standing_dwf_0	The court has yet to learn his name.	false
character_trait_levels_explanation_text_derpy_ic_standing_dwf_0	Too little influence for any seat at court. Influence is earned by winning battles, taking settlements, gaining ranks and holding a seat.	false
character_trait_levels_removal_text_derpy_ic_standing_dwf_0	His influence at court has changed.	false
character_trait_levels_onscreen_name_derpy_ic_standing_dwf_1	Fit for the First Seats	false
character_trait_levels_colour_text_derpy_ic_standing_dwf_1	There is no seat above him but the throne's own.	false
character_trait_levels_explanation_text_derpy_ic_standing_dwf_1	Has enough influence for any seat, the First Seats included.	false
character_trait_levels_removal_text_derpy_ic_standing_dwf_1	His influence at court has changed.	false
character_trait_levels_onscreen_name_derpy_ic_standing_dwf_2	Weighed at Court	false
character_trait_levels_colour_text_derpy_ic_standing_dwf_2	The longbeards have stopped talking over him when he speaks.	false
character_trait_levels_explanation_text_derpy_ic_standing_dwf_2	Has enough influence for a seat on the Elders' Bench.	false
character_trait_levels_removal_text_derpy_ic_standing_dwf_2	His influence at court has changed.	false
character_trait_levels_onscreen_name_derpy_ic_standing_dwf_3	Spoken For at Court	false
character_trait_levels_colour_text_derpy_ic_standing_dwf_3	A clan elder has spoken for him at court.	false
character_trait_levels_explanation_text_derpy_ic_standing_dwf_3	Has enough influence for a seat in the Long Hall.	false
character_trait_levels_removal_text_derpy_ic_standing_dwf_3	His influence at court has changed.	false
character_trait_levels_onscreen_name_derpy_ic_standing_dwf_4	Noticed at Court	false
character_trait_levels_colour_text_derpy_ic_standing_dwf_4	The court has begun to say his name.	false
character_trait_levels_explanation_text_derpy_ic_standing_dwf_4	Has enough influence for a seat at the Hall Doors, the lowest tier.	false
character_trait_levels_removal_text_derpy_ic_standing_dwf_4	His influence at court has changed.	false
character_trait_levels_onscreen_name_derpy_ic_ambition_dwf_cautious	Cautious	false
character_trait_levels_colour_text_derpy_ic_ambition_dwf_cautious	He keeps his head down and his claims modest.	false
character_trait_levels_explanation_text_derpy_ic_ambition_dwf_cautious	His influence counts 25% less towards his party's.	false
character_trait_levels_removal_text_derpy_ic_ambition_dwf_cautious	His ambition does not change.	false
character_trait_levels_onscreen_name_derpy_ic_ambition_dwf_steady	Steady	false
character_trait_levels_colour_text_derpy_ic_ambition_dwf_steady	He asks for what he is owed, and no more.	false
character_trait_levels_explanation_text_derpy_ic_ambition_dwf_steady	His influence counts as usual towards his party's.	false
character_trait_levels_removal_text_derpy_ic_ambition_dwf_steady	His ambition does not change.	false
character_trait_levels_onscreen_name_derpy_ic_ambition_dwf_ambitious	Ambitious	false
character_trait_levels_colour_text_derpy_ic_ambition_dwf_ambitious	Every honour becomes another claim on the Iron Court.	false
character_trait_levels_explanation_text_derpy_ic_ambition_dwf_ambitious	His influence counts 25% more towards his party's.	false
character_trait_levels_removal_text_derpy_ic_ambition_dwf_ambitious	His ambition does not change.	false
character_trait_levels_onscreen_name_derpy_ic_member_dwf_crown	Party: The Throne-Sworn	false
character_trait_levels_colour_text_derpy_ic_member_dwf_crown	He swore to the throne and means to keep his oath.	false
character_trait_levels_explanation_text_derpy_ic_member_dwf_crown	His party at court. Changes when parties form, break away or dissolve.	false
character_trait_levels_removal_text_derpy_ic_member_dwf_crown	He sits with another party now.	false
character_trait_levels_onscreen_name_derpy_ic_member_dwf_karaz	Party: Karaz-a-Karak	false
character_trait_levels_colour_text_derpy_ic_member_dwf_karaz	His hold joined yours by oath. It keeps its own ways.	false
character_trait_levels_explanation_text_derpy_ic_member_dwf_karaz	His party at court. Changes when parties form, break away or dissolve.	false
character_trait_levels_removal_text_derpy_ic_member_dwf_karaz	He sits with another party now.	false
character_trait_levels_onscreen_name_derpy_ic_member_dwf_kadrin	Party: Karak Kadrin	false
character_trait_levels_colour_text_derpy_ic_member_dwf_kadrin	His hold joined yours by oath. It keeps its own ways.	false
character_trait_levels_explanation_text_derpy_ic_member_dwf_kadrin	His party at court. Changes when parties form, break away or dissolve.	false
character_trait_levels_removal_text_derpy_ic_member_dwf_kadrin	He sits with another party now.	false
character_trait_levels_onscreen_name_derpy_ic_member_dwf_angrund	Party: Clan Angrund	false
character_trait_levels_colour_text_derpy_ic_member_dwf_angrund	His hold joined yours by oath. It keeps its own ways.	false
character_trait_levels_explanation_text_derpy_ic_member_dwf_angrund	His party at court. Changes when parties form, break away or dissolve.	false
character_trait_levels_removal_text_derpy_ic_member_dwf_angrund	He sits with another party now.	false
character_trait_levels_onscreen_name_derpy_ic_member_dwf_throng	Party: The Ancestral Throng	false
character_trait_levels_colour_text_derpy_ic_member_dwf_throng	His hold joined yours by oath. It keeps its own ways.	false
character_trait_levels_explanation_text_derpy_ic_member_dwf_throng	His party at court. Changes when parties form, break away or dissolve.	false
character_trait_levels_removal_text_derpy_ic_member_dwf_throng	He sits with another party now.	false
character_trait_levels_onscreen_name_derpy_ic_member_dwf_ironbrow	Party: Ironbrow's Expedition	false
character_trait_levels_colour_text_derpy_ic_member_dwf_ironbrow	His hold joined yours by oath. It keeps its own ways.	false
character_trait_levels_explanation_text_derpy_ic_member_dwf_ironbrow	His party at court. Changes when parties form, break away or dissolve.	false
character_trait_levels_removal_text_derpy_ic_member_dwf_ironbrow	He sits with another party now.	false
character_trait_levels_onscreen_name_derpy_ic_member_dwf_malakai	Party: The Masters of Innovation	false
character_trait_levels_colour_text_derpy_ic_member_dwf_malakai	His hold joined yours by oath. It keeps its own ways.	false
character_trait_levels_explanation_text_derpy_ic_member_dwf_malakai	His party at court. Changes when parties form, break away or dissolve.	false
character_trait_levels_removal_text_derpy_ic_member_dwf_malakai	He sits with another party now.	false
character_trait_levels_onscreen_name_derpy_ic_member_dwf_barakvarr	Party: Barak Varr	false
character_trait_levels_colour_text_derpy_ic_member_dwf_barakvarr	His hold joined yours by oath. It keeps its own ways.	false
character_trait_levels_explanation_text_derpy_ic_member_dwf_barakvarr	His party at court. Changes when parties form, break away or dissolve.	false
character_trait_levels_removal_text_derpy_ic_member_dwf_barakvarr	He sits with another party now.	false
character_trait_levels_onscreen_name_derpy_ic_member_dwf_zhufbar	Party: Zhufbar	false
character_trait_levels_colour_text_derpy_ic_member_dwf_zhufbar	His hold joined yours by oath. It keeps its own ways.	false
character_trait_levels_explanation_text_derpy_ic_member_dwf_zhufbar	His party at court. Changes when parties form, break away or dissolve.	false
character_trait_levels_removal_text_derpy_ic_member_dwf_zhufbar	He sits with another party now.	false
character_trait_levels_onscreen_name_derpy_ic_member_dwf_krakadrak	Party: Kraka Drak	false
character_trait_levels_colour_text_derpy_ic_member_dwf_krakadrak	His hold joined yours by oath. It keeps its own ways.	false
character_trait_levels_explanation_text_derpy_ic_member_dwf_krakadrak	His party at court. Changes when parties form, break away or dissolve.	false
character_trait_levels_removal_text_derpy_ic_member_dwf_krakadrak	He sits with another party now.	false
character_trait_levels_onscreen_name_derpy_ic_member_dwf_azorn	Party: Karak Azorn	false
character_trait_levels_colour_text_derpy_ic_member_dwf_azorn	His hold joined yours by oath. It keeps its own ways.	false
character_trait_levels_explanation_text_derpy_ic_member_dwf_azorn	His party at court. Changes when parties form, break away or dissolve.	false
character_trait_levels_removal_text_derpy_ic_member_dwf_azorn	He sits with another party now.	false
character_trait_levels_onscreen_name_derpy_ic_member_dwf_norn	Party: Karak Norn	false
character_trait_levels_colour_text_derpy_ic_member_dwf_norn	His hold joined yours by oath. It keeps its own ways.	false
character_trait_levels_explanation_text_derpy_ic_member_dwf_norn	His party at court. Changes when parties form, break away or dissolve.	false
character_trait_levels_removal_text_derpy_ic_member_dwf_norn	He sits with another party now.	false
character_trait_levels_onscreen_name_derpy_ic_member_dwf_hirn	Party: Karak Hirn	false
character_trait_levels_colour_text_derpy_ic_member_dwf_hirn	His hold joined yours by oath. It keeps its own ways.	false
character_trait_levels_explanation_text_derpy_ic_member_dwf_hirn	His party at court. Changes when parties form, break away or dissolve.	false
character_trait_levels_removal_text_derpy_ic_member_dwf_hirn	He sits with another party now.	false
character_trait_levels_onscreen_name_derpy_ic_member_dwf_azul	Party: Karak Azul	false
character_trait_levels_colour_text_derpy_ic_member_dwf_azul	His hold joined yours by oath. It keeps its own ways.	false
character_trait_levels_explanation_text_derpy_ic_member_dwf_azul	His party at court. Changes when parties form, break away or dissolve.	false
character_trait_levels_removal_text_derpy_ic_member_dwf_azul	He sits with another party now.	false
character_trait_levels_onscreen_name_derpy_ic_member_dwf_ziflin	Party: Karak Ziflin	false
character_trait_levels_colour_text_derpy_ic_member_dwf_ziflin	His hold joined yours by oath. It keeps its own ways.	false
character_trait_levels_explanation_text_derpy_ic_member_dwf_ziflin	His party at court. Changes when parties form, break away or dissolve.	false
character_trait_levels_removal_text_derpy_ic_member_dwf_ziflin	He sits with another party now.	false
character_trait_levels_onscreen_name_derpy_ic_member_dwf_rangers	Party: The Ranger clans	false
character_trait_levels_colour_text_derpy_ic_member_dwf_rangers	His hold joined yours by oath. It keeps its own ways.	false
character_trait_levels_explanation_text_derpy_ic_member_dwf_rangers	His party at court. Changes when parties form, break away or dissolve.	false
character_trait_levels_removal_text_derpy_ic_member_dwf_rangers	He sits with another party now.	false
character_trait_levels_onscreen_name_derpy_ic_member_dwf_deeps	Party: The Deeps	false
character_trait_levels_colour_text_derpy_ic_member_dwf_deeps	His hold joined yours by oath. It keeps its own ways.	false
character_trait_levels_explanation_text_derpy_ic_member_dwf_deeps	His party at court. Changes when parties form, break away or dissolve.	false
character_trait_levels_removal_text_derpy_ic_member_dwf_deeps	He sits with another party now.	false
character_trait_levels_onscreen_name_derpy_ic_member_dwf_grey	Party: The Grey Mountains	false
character_trait_levels_colour_text_derpy_ic_member_dwf_grey	His hold joined yours by oath. It keeps its own ways.	false
character_trait_levels_explanation_text_derpy_ic_member_dwf_grey	His party at court. Changes when parties form, break away or dissolve.	false
character_trait_levels_removal_text_derpy_ic_member_dwf_grey	He sits with another party now.	false
character_trait_levels_onscreen_name_derpy_ic_member_dwf_black	Party: The Black Mountains	false
character_trait_levels_colour_text_derpy_ic_member_dwf_black	His hold joined yours by oath. It keeps its own ways.	false
character_trait_levels_explanation_text_derpy_ic_member_dwf_black	His party at court. Changes when parties form, break away or dissolve.	false
character_trait_levels_removal_text_derpy_ic_member_dwf_black	He sits with another party now.	false
character_trait_levels_onscreen_name_derpy_ic_member_dwf_temple_1	Party: The Ancestors	false
character_trait_levels_colour_text_derpy_ic_member_dwf_temple_1	He reminds the king what the ancestors expect.	false
character_trait_levels_explanation_text_derpy_ic_member_dwf_temple_1	His party at court. Changes when parties form, break away or dissolve.	false
character_trait_levels_removal_text_derpy_ic_member_dwf_temple_1	He sits with another party now.	false
character_trait_levels_onscreen_name_derpy_ic_member_dwf_temple_2	Party: Valaya's Hearth	false
character_trait_levels_colour_text_derpy_ic_member_dwf_temple_2	He reminds the king what the ancestors expect.	false
character_trait_levels_explanation_text_derpy_ic_member_dwf_temple_2	His party at court. Changes when parties form, break away or dissolve.	false
character_trait_levels_removal_text_derpy_ic_member_dwf_temple_2	He sits with another party now.	false
character_trait_levels_onscreen_name_derpy_ic_member_dwf_temple_3	Party: Grungni's Anvil	false
character_trait_levels_colour_text_derpy_ic_member_dwf_temple_3	He reminds the king what the ancestors expect.	false
character_trait_levels_explanation_text_derpy_ic_member_dwf_temple_3	His party at court. Changes when parties form, break away or dissolve.	false
character_trait_levels_removal_text_derpy_ic_member_dwf_temple_3	He sits with another party now.	false
character_trait_levels_onscreen_name_derpy_ic_member_dwf_temple_4	Party: The Old Shrine	false
character_trait_levels_colour_text_derpy_ic_member_dwf_temple_4	He reminds the king what the ancestors expect.	false
character_trait_levels_explanation_text_derpy_ic_member_dwf_temple_4	His party at court. Changes when parties form, break away or dissolve.	false
character_trait_levels_removal_text_derpy_ic_member_dwf_temple_4	He sits with another party now.	false
character_trait_levels_onscreen_name_derpy_ic_member_dwf_temple_5	Party: The Long Memory	false
character_trait_levels_colour_text_derpy_ic_member_dwf_temple_5	He reminds the king what the ancestors expect.	false
character_trait_levels_explanation_text_derpy_ic_member_dwf_temple_5	His party at court. Changes when parties form, break away or dissolve.	false
character_trait_levels_removal_text_derpy_ic_member_dwf_temple_5	He sits with another party now.	false
character_trait_levels_onscreen_name_derpy_ic_member_dwf_temple_6	Party: The Stone Altar	false
character_trait_levels_colour_text_derpy_ic_member_dwf_temple_6	He reminds the king what the ancestors expect.	false
character_trait_levels_explanation_text_derpy_ic_member_dwf_temple_6	His party at court. Changes when parties form, break away or dissolve.	false
character_trait_levels_removal_text_derpy_ic_member_dwf_temple_6	He sits with another party now.	false
character_trait_levels_onscreen_name_derpy_ic_member_dwf_forge_1	Party: The Gromril Anvil	false
character_trait_levels_colour_text_derpy_ic_member_dwf_forge_1	He weighs every law by what it does to the forges.	false
character_trait_levels_explanation_text_derpy_ic_member_dwf_forge_1	His party at court. Changes when parties form, break away or dissolve.	false
character_trait_levels_removal_text_derpy_ic_member_dwf_forge_1	He sits with another party now.	false
character_trait_levels_onscreen_name_derpy_ic_member_dwf_forge_2	Party: The Runic Forge	false
character_trait_levels_colour_text_derpy_ic_member_dwf_forge_2	He weighs every law by what it does to the forges.	false
character_trait_levels_explanation_text_derpy_ic_member_dwf_forge_2	His party at court. Changes when parties form, break away or dissolve.	false
character_trait_levels_removal_text_derpy_ic_member_dwf_forge_2	He sits with another party now.	false
character_trait_levels_onscreen_name_derpy_ic_member_dwf_forge_3	Party: The Master's Mark	false
character_trait_levels_colour_text_derpy_ic_member_dwf_forge_3	He weighs every law by what it does to the forges.	false
character_trait_levels_explanation_text_derpy_ic_member_dwf_forge_3	His party at court. Changes when parties form, break away or dissolve.	false
character_trait_levels_removal_text_derpy_ic_member_dwf_forge_3	He sits with another party now.	false
character_trait_levels_onscreen_name_derpy_ic_member_dwf_forge_4	Party: The Cold Hammer	false
character_trait_levels_colour_text_derpy_ic_member_dwf_forge_4	He weighs every law by what it does to the forges.	false
character_trait_levels_explanation_text_derpy_ic_member_dwf_forge_4	His party at court. Changes when parties form, break away or dissolve.	false
character_trait_levels_removal_text_derpy_ic_member_dwf_forge_4	He sits with another party now.	false
character_trait_levels_onscreen_name_derpy_ic_member_dwf_forge_5	Party: The Deep Furnace	false
character_trait_levels_colour_text_derpy_ic_member_dwf_forge_5	He weighs every law by what it does to the forges.	false
character_trait_levels_explanation_text_derpy_ic_member_dwf_forge_5	His party at court. Changes when parties form, break away or dissolve.	false
character_trait_levels_removal_text_derpy_ic_member_dwf_forge_5	He sits with another party now.	false
character_trait_levels_onscreen_name_derpy_ic_member_dwf_forge_6	Party: The Bright Steel	false
character_trait_levels_colour_text_derpy_ic_member_dwf_forge_6	He weighs every law by what it does to the forges.	false
character_trait_levels_explanation_text_derpy_ic_member_dwf_forge_6	His party at court. Changes when parties form, break away or dissolve.	false
character_trait_levels_removal_text_derpy_ic_member_dwf_forge_6	He sits with another party now.	false
character_trait_levels_onscreen_name_derpy_ic_member_dwf_chain_1	Party: The Deep Seam	false
character_trait_levels_colour_text_derpy_ic_member_dwf_chain_1	He speaks for the miners, who dig deeper every year.	false
character_trait_levels_explanation_text_derpy_ic_member_dwf_chain_1	His party at court. Changes when parties form, break away or dissolve.	false
character_trait_levels_removal_text_derpy_ic_member_dwf_chain_1	He sits with another party now.	false
character_trait_levels_onscreen_name_derpy_ic_member_dwf_chain_2	Party: The Candle Shaft	false
character_trait_levels_colour_text_derpy_ic_member_dwf_chain_2	He speaks for the miners, who dig deeper every year.	false
character_trait_levels_explanation_text_derpy_ic_member_dwf_chain_2	His party at court. Changes when parties form, break away or dissolve.	false
character_trait_levels_removal_text_derpy_ic_member_dwf_chain_2	He sits with another party now.	false
character_trait_levels_onscreen_name_derpy_ic_member_dwf_chain_3	Party: The Gold Vein	false
character_trait_levels_colour_text_derpy_ic_member_dwf_chain_3	He speaks for the miners, who dig deeper every year.	false
character_trait_levels_explanation_text_derpy_ic_member_dwf_chain_3	His party at court. Changes when parties form, break away or dissolve.	false
character_trait_levels_removal_text_derpy_ic_member_dwf_chain_3	He sits with another party now.	false
character_trait_levels_onscreen_name_derpy_ic_member_dwf_chain_4	Party: The Lower Shafts	false
character_trait_levels_colour_text_derpy_ic_member_dwf_chain_4	He speaks for the miners, who dig deeper every year.	false
character_trait_levels_explanation_text_derpy_ic_member_dwf_chain_4	His party at court. Changes when parties form, break away or dissolve.	false
character_trait_levels_removal_text_derpy_ic_member_dwf_chain_4	He sits with another party now.	false
character_trait_levels_onscreen_name_derpy_ic_member_dwf_chain_5	Party: The Pick	false
character_trait_levels_colour_text_derpy_ic_member_dwf_chain_5	He speaks for the miners, who dig deeper every year.	false
character_trait_levels_explanation_text_derpy_ic_member_dwf_chain_5	His party at court. Changes when parties form, break away or dissolve.	false
character_trait_levels_removal_text_derpy_ic_member_dwf_chain_5	He sits with another party now.	false
character_trait_levels_onscreen_name_derpy_ic_member_dwf_chain_6	Party: The Iron Seam	false
character_trait_levels_colour_text_derpy_ic_member_dwf_chain_6	He speaks for the miners, who dig deeper every year.	false
character_trait_levels_explanation_text_derpy_ic_member_dwf_chain_6	His party at court. Changes when parties form, break away or dissolve.	false
character_trait_levels_removal_text_derpy_ic_member_dwf_chain_6	He sits with another party now.	false
character_trait_levels_onscreen_name_derpy_ic_member_dwf_legion_1	Party: The Shield Wall	false
character_trait_levels_colour_text_derpy_ic_member_dwf_legion_1	He speaks for the clan warriors, who settle grudges with axes.	false
character_trait_levels_explanation_text_derpy_ic_member_dwf_legion_1	His party at court. Changes when parties form, break away or dissolve.	false
character_trait_levels_removal_text_derpy_ic_member_dwf_legion_1	He sits with another party now.	false
character_trait_levels_onscreen_name_derpy_ic_member_dwf_legion_2	Party: The Unbroken Gate	false
character_trait_levels_colour_text_derpy_ic_member_dwf_legion_2	He speaks for the clan warriors, who settle grudges with axes.	false
character_trait_levels_explanation_text_derpy_ic_member_dwf_legion_2	His party at court. Changes when parties form, break away or dissolve.	false
character_trait_levels_removal_text_derpy_ic_member_dwf_legion_2	He sits with another party now.	false
character_trait_levels_onscreen_name_derpy_ic_member_dwf_legion_3	Party: The War Banner	false
character_trait_levels_colour_text_derpy_ic_member_dwf_legion_3	He speaks for the clan warriors, who settle grudges with axes.	false
character_trait_levels_explanation_text_derpy_ic_member_dwf_legion_3	His party at court. Changes when parties form, break away or dissolve.	false
character_trait_levels_removal_text_derpy_ic_member_dwf_legion_3	He sits with another party now.	false
character_trait_levels_onscreen_name_derpy_ic_member_dwf_legion_4	Party: The Iron Muster	false
character_trait_levels_colour_text_derpy_ic_member_dwf_legion_4	He speaks for the clan warriors, who settle grudges with axes.	false
character_trait_levels_explanation_text_derpy_ic_member_dwf_legion_4	His party at court. Changes when parties form, break away or dissolve.	false
character_trait_levels_removal_text_derpy_ic_member_dwf_legion_4	He sits with another party now.	false
character_trait_levels_onscreen_name_derpy_ic_member_dwf_legion_5	Party: The First Rank	false
character_trait_levels_colour_text_derpy_ic_member_dwf_legion_5	He speaks for the clan warriors, who settle grudges with axes.	false
character_trait_levels_explanation_text_derpy_ic_member_dwf_legion_5	His party at court. Changes when parties form, break away or dissolve.	false
character_trait_levels_removal_text_derpy_ic_member_dwf_legion_5	He sits with another party now.	false
character_trait_levels_onscreen_name_derpy_ic_member_dwf_legion_6	Party: The Bearded Axe	false
character_trait_levels_colour_text_derpy_ic_member_dwf_legion_6	He speaks for the clan warriors, who settle grudges with axes.	false
character_trait_levels_explanation_text_derpy_ic_member_dwf_legion_6	His party at court. Changes when parties form, break away or dissolve.	false
character_trait_levels_removal_text_derpy_ic_member_dwf_legion_6	He sits with another party now.	false
character_trait_levels_onscreen_name_derpy_ic_member_dwf_ledger_1	Party: The Reckoning	false
character_trait_levels_colour_text_derpy_ic_member_dwf_ledger_1	He knows what every hold owes, to the last coin.	false
character_trait_levels_explanation_text_derpy_ic_member_dwf_ledger_1	His party at court. Changes when parties form, break away or dissolve.	false
character_trait_levels_removal_text_derpy_ic_member_dwf_ledger_1	He sits with another party now.	false
character_trait_levels_onscreen_name_derpy_ic_member_dwf_ledger_2	Party: The Weighed Coin	false
character_trait_levels_colour_text_derpy_ic_member_dwf_ledger_2	He knows what every hold owes, to the last coin.	false
character_trait_levels_explanation_text_derpy_ic_member_dwf_ledger_2	His party at court. Changes when parties form, break away or dissolve.	false
character_trait_levels_removal_text_derpy_ic_member_dwf_ledger_2	He sits with another party now.	false
character_trait_levels_onscreen_name_derpy_ic_member_dwf_ledger_3	Party: The Sealed Vault	false
character_trait_levels_colour_text_derpy_ic_member_dwf_ledger_3	He knows what every hold owes, to the last coin.	false
character_trait_levels_explanation_text_derpy_ic_member_dwf_ledger_3	His party at court. Changes when parties form, break away or dissolve.	false
character_trait_levels_removal_text_derpy_ic_member_dwf_ledger_3	He sits with another party now.	false
character_trait_levels_onscreen_name_derpy_ic_member_dwf_ledger_4	Party: The Tithe	false
character_trait_levels_colour_text_derpy_ic_member_dwf_ledger_4	He knows what every hold owes, to the last coin.	false
character_trait_levels_explanation_text_derpy_ic_member_dwf_ledger_4	His party at court. Changes when parties form, break away or dissolve.	false
character_trait_levels_removal_text_derpy_ic_member_dwf_ledger_4	He sits with another party now.	false
character_trait_levels_onscreen_name_derpy_ic_member_dwf_ledger_5	Party: The Gold Scale	false
character_trait_levels_colour_text_derpy_ic_member_dwf_ledger_5	He knows what every hold owes, to the last coin.	false
character_trait_levels_explanation_text_derpy_ic_member_dwf_ledger_5	His party at court. Changes when parties form, break away or dissolve.	false
character_trait_levels_removal_text_derpy_ic_member_dwf_ledger_5	He sits with another party now.	false
character_trait_levels_onscreen_name_derpy_ic_member_dwf_ledger_6	Party: The Counted Debt	false
character_trait_levels_colour_text_derpy_ic_member_dwf_ledger_6	He knows what every hold owes, to the last coin.	false
character_trait_levels_explanation_text_derpy_ic_member_dwf_ledger_6	His party at court. Changes when parties form, break away or dissolve.	false
character_trait_levels_removal_text_derpy_ic_member_dwf_ledger_6	He sits with another party now.	false
character_trait_levels_onscreen_name_derpy_ic_member_dwf_tower_1	Party: The Rune	false
character_trait_levels_colour_text_derpy_ic_member_dwf_tower_1	He keeps the runes' secrets, even from the king.	false
character_trait_levels_explanation_text_derpy_ic_member_dwf_tower_1	His party at court. Changes when parties form, break away or dissolve.	false
character_trait_levels_removal_text_derpy_ic_member_dwf_tower_1	He sits with another party now.	false
character_trait_levels_onscreen_name_derpy_ic_member_dwf_tower_2	Party: The Grudge-Book	false
character_trait_levels_colour_text_derpy_ic_member_dwf_tower_2	He keeps the runes' secrets, even from the king.	false
character_trait_levels_explanation_text_derpy_ic_member_dwf_tower_2	His party at court. Changes when parties form, break away or dissolve.	false
character_trait_levels_removal_text_derpy_ic_member_dwf_tower_2	He sits with another party now.	false
character_trait_levels_onscreen_name_derpy_ic_member_dwf_tower_3	Party: The Sealed Lore	false
character_trait_levels_colour_text_derpy_ic_member_dwf_tower_3	He keeps the runes' secrets, even from the king.	false
character_trait_levels_explanation_text_derpy_ic_member_dwf_tower_3	His party at court. Changes when parties form, break away or dissolve.	false
character_trait_levels_removal_text_derpy_ic_member_dwf_tower_3	He sits with another party now.	false
character_trait_levels_onscreen_name_derpy_ic_member_dwf_tower_4	Party: The Anvil of Doom	false
character_trait_levels_colour_text_derpy_ic_member_dwf_tower_4	He keeps the runes' secrets, even from the king.	false
character_trait_levels_explanation_text_derpy_ic_member_dwf_tower_4	His party at court. Changes when parties form, break away or dissolve.	false
character_trait_levels_removal_text_derpy_ic_member_dwf_tower_4	He sits with another party now.	false
character_trait_levels_onscreen_name_derpy_ic_member_dwf_tower_5	Party: The Master Rune	false
character_trait_levels_colour_text_derpy_ic_member_dwf_tower_5	He keeps the runes' secrets, even from the king.	false
character_trait_levels_explanation_text_derpy_ic_member_dwf_tower_5	His party at court. Changes when parties form, break away or dissolve.	false
character_trait_levels_removal_text_derpy_ic_member_dwf_tower_5	He sits with another party now.	false
character_trait_levels_onscreen_name_derpy_ic_member_dwf_tower_6	Party: The Old Script	false
character_trait_levels_colour_text_derpy_ic_member_dwf_tower_6	He keeps the runes' secrets, even from the king.	false
character_trait_levels_explanation_text_derpy_ic_member_dwf_tower_6	His party at court. Changes when parties form, break away or dissolve.	false
character_trait_levels_removal_text_derpy_ic_member_dwf_tower_6	He sits with another party now.	false
character_trait_levels_onscreen_name_derpy_ic_member_dwf_road_1	Party: The Underway	false
character_trait_levels_colour_text_derpy_ic_member_dwf_road_1	He keeps the Underway open, one tunnel at a time.	false
character_trait_levels_explanation_text_derpy_ic_member_dwf_road_1	His party at court. Changes when parties form, break away or dissolve.	false
character_trait_levels_removal_text_derpy_ic_member_dwf_road_1	He sits with another party now.	false
character_trait_levels_onscreen_name_derpy_ic_member_dwf_road_2	Party: The Old Road	false
character_trait_levels_colour_text_derpy_ic_member_dwf_road_2	He keeps the Underway open, one tunnel at a time.	false
character_trait_levels_explanation_text_derpy_ic_member_dwf_road_2	His party at court. Changes when parties form, break away or dissolve.	false
character_trait_levels_removal_text_derpy_ic_member_dwf_road_2	He sits with another party now.	false
character_trait_levels_onscreen_name_derpy_ic_member_dwf_road_3	Party: The Deep Ways	false
character_trait_levels_colour_text_derpy_ic_member_dwf_road_3	He keeps the Underway open, one tunnel at a time.	false
character_trait_levels_explanation_text_derpy_ic_member_dwf_road_3	His party at court. Changes when parties form, break away or dissolve.	false
character_trait_levels_removal_text_derpy_ic_member_dwf_road_3	He sits with another party now.	false
character_trait_levels_onscreen_name_derpy_ic_member_dwf_road_4	Party: The Silver Road	false
character_trait_levels_colour_text_derpy_ic_member_dwf_road_4	He keeps the Underway open, one tunnel at a time.	false
character_trait_levels_explanation_text_derpy_ic_member_dwf_road_4	His party at court. Changes when parties form, break away or dissolve.	false
character_trait_levels_removal_text_derpy_ic_member_dwf_road_4	He sits with another party now.	false
character_trait_levels_onscreen_name_derpy_ic_member_dwf_road_5	Party: The High Pass	false
character_trait_levels_colour_text_derpy_ic_member_dwf_road_5	He keeps the Underway open, one tunnel at a time.	false
character_trait_levels_explanation_text_derpy_ic_member_dwf_road_5	His party at court. Changes when parties form, break away or dissolve.	false
character_trait_levels_removal_text_derpy_ic_member_dwf_road_5	He sits with another party now.	false
character_trait_levels_onscreen_name_derpy_ic_member_dwf_road_6	Party: The Lantern Road	false
character_trait_levels_colour_text_derpy_ic_member_dwf_road_6	He keeps the Underway open, one tunnel at a time.	false
character_trait_levels_explanation_text_derpy_ic_member_dwf_road_6	His party at court. Changes when parties form, break away or dissolve.	false
character_trait_levels_removal_text_derpy_ic_member_dwf_road_6	He sits with another party now.	false
character_trait_levels_onscreen_name_derpy_ic_member_dwf_hearth_1	Party: The First Hold	false
character_trait_levels_colour_text_derpy_ic_member_dwf_hearth_1	He speaks for the families who keep the holds fed and warm.	false
character_trait_levels_explanation_text_derpy_ic_member_dwf_hearth_1	His party at court. Changes when parties form, break away or dissolve.	false
character_trait_levels_removal_text_derpy_ic_member_dwf_hearth_1	He sits with another party now.	false
character_trait_levels_onscreen_name_derpy_ic_member_dwf_hearth_2	Party: The Hearthstone	false
character_trait_levels_colour_text_derpy_ic_member_dwf_hearth_2	He speaks for the families who keep the holds fed and warm.	false
character_trait_levels_explanation_text_derpy_ic_member_dwf_hearth_2	His party at court. Changes when parties form, break away or dissolve.	false
character_trait_levels_removal_text_derpy_ic_member_dwf_hearth_2	He sits with another party now.	false
character_trait_levels_onscreen_name_derpy_ic_member_dwf_hearth_3	Party: The Holdfarm	false
character_trait_levels_colour_text_derpy_ic_member_dwf_hearth_3	He speaks for the families who keep the holds fed and warm.	false
character_trait_levels_explanation_text_derpy_ic_member_dwf_hearth_3	His party at court. Changes when parties form, break away or dissolve.	false
character_trait_levels_removal_text_derpy_ic_member_dwf_hearth_3	He sits with another party now.	false
character_trait_levels_onscreen_name_derpy_ic_member_dwf_hearth_4	Party: The Brewhouse	false
character_trait_levels_colour_text_derpy_ic_member_dwf_hearth_4	He speaks for the families who keep the holds fed and warm.	false
character_trait_levels_explanation_text_derpy_ic_member_dwf_hearth_4	His party at court. Changes when parties form, break away or dissolve.	false
character_trait_levels_removal_text_derpy_ic_member_dwf_hearth_4	He sits with another party now.	false
character_trait_levels_onscreen_name_derpy_ic_member_dwf_hearth_5	Party: The Long Table	false
character_trait_levels_colour_text_derpy_ic_member_dwf_hearth_5	He speaks for the families who keep the holds fed and warm.	false
character_trait_levels_explanation_text_derpy_ic_member_dwf_hearth_5	His party at court. Changes when parties form, break away or dissolve.	false
character_trait_levels_removal_text_derpy_ic_member_dwf_hearth_5	He sits with another party now.	false
character_trait_levels_onscreen_name_derpy_ic_member_dwf_hearth_6	Party: The Barley Field	false
character_trait_levels_colour_text_derpy_ic_member_dwf_hearth_6	He speaks for the families who keep the holds fed and warm.	false
character_trait_levels_explanation_text_derpy_ic_member_dwf_hearth_6	His party at court. Changes when parties form, break away or dissolve.	false
character_trait_levels_removal_text_derpy_ic_member_dwf_hearth_6	He sits with another party now.	false
event_feed_strings_text_derpy_ic_event_dwf_gov_intro_title	Your Deeds Move the Court	false
event_feed_strings_text_derpy_ic_event_dwf_gov_intro_primary	Victory strengthens the Clan Warriors at court. Research strengthens the Runesmiths. A strong party asks for its own government. The throne's box shows who rules the court.	false
event_feed_strings_text_derpy_ic_event_dwf_gov_intro_secondary	The Court Watches You	false
event_feed_strings_text_derpy_ic_event_dwf_realm_secede_title	A Rival Court Splits	false
event_feed_strings_text_derpy_ic_event_dwf_realm_secede_primary	A party has broken from another hold's court and risen in rebellion.	false
event_feed_strings_text_derpy_ic_event_dwf_realm_secede_secondary	Rebellion	false
event_feed_strings_text_derpy_ic_event_party_drawn_dwf_legion	Your victories drew the Clan Warriors to court.	false
event_feed_strings_text_derpy_ic_event_party_drawn_dwf_tower	Your research drew the Runesmiths to court.	false
event_feed_strings_text_derpy_ic_move_dwf_bribe_ok	Gift of Gold: Success	false
event_feed_strings_text_derpy_ic_move_dwf_bribe_fail	Gift of Gold: Failure	false
event_feed_strings_text_derpy_ic_move_dwf_discredit_ok	Question His Work: Success	false
event_feed_strings_text_derpy_ic_move_dwf_discredit_fail	Question His Work: Failure	false
event_feed_strings_text_derpy_ic_move_dwf_rumour_ok	Hall Whispers: Success	false
event_feed_strings_text_derpy_ic_move_dwf_rumour_fail	Hall Whispers: Failure	false
event_feed_strings_text_derpy_ic_move_dwf_murder_ok	The Slayer Oath: Success	false
event_feed_strings_text_derpy_ic_move_dwf_murder_fail	The Slayer Oath: Failure	false
event_feed_strings_text_derpy_ic_move_dwf_provoke_ok	An Insult to the Clan: Success	false
event_feed_strings_text_derpy_ic_move_dwf_provoke_fail	An Insult to the Clan: Failure	false
event_feed_strings_text_derpy_ic_move_dwf_purge_ok	Cast Out the Clan: Success	false
event_feed_strings_text_derpy_ic_move_dwf_purge_fail	Cast Out the Clan: Failure	false
event_feed_strings_text_derpy_ic_move_dwf_unseat_ok	Bar the Doors: Success	false
event_feed_strings_text_derpy_ic_move_dwf_unseat_fail	Bar the Doors: Failure	false
event_feed_strings_text_derpy_ic_move_dwf_recall_ok	Recall Governors: Success	false
event_feed_strings_text_derpy_ic_move_dwf_recall_fail	Recall Governors: Failure	false
event_feed_strings_text_derpy_ic_move_dwf_weregild_ok	Pay the Weregild: Success	false
event_feed_strings_text_derpy_ic_move_dwf_weregild_fail	Pay the Weregild: Failure	false
event_feed_strings_text_derpy_ic_move_dwf_oath_ok	Ancestor Oath: Success	false
event_feed_strings_text_derpy_ic_move_dwf_oath_fail	Ancestor Oath: Failure	false
event_feed_strings_text_derpy_ic_move_dwf_patron_ok	Stand His Patron: Success	false
event_feed_strings_text_derpy_ic_move_dwf_patron_fail	Stand His Patron: Failure	false
event_feed_strings_text_derpy_ic_move_dwf_kinsman_ok	Name Him Kinsman: Success	false
event_feed_strings_text_derpy_ic_move_dwf_kinsman_fail	Name Him Kinsman: Failure	false
event_feed_strings_text_derpy_ic_move_dwf_pledge_ok	Oath on the Anvil: Success	false
event_feed_strings_text_derpy_ic_move_dwf_pledge_fail	Oath on the Anvil: Failure	false
event_feed_strings_text_derpy_ic_move_dwf_embezzle_ok	Skim the Tally: Success	false
event_feed_strings_text_derpy_ic_move_dwf_embezzle_fail	Skim the Tally: Failure	false
event_feed_strings_text_derpy_ic_move_dwf_feast_ok	Host a Feast: Success	false
event_feed_strings_text_derpy_ic_move_dwf_feast_fail	Host a Feast: Failure	false
event_feed_strings_text_derpy_ic_move_dwf_audience_ok	Hold Court: Success	false
event_feed_strings_text_derpy_ic_move_dwf_audience_fail	Hold Court: Failure	false
event_feed_strings_text_derpy_ic_move_dwf_circuit_ok	Walk the Holds: Success	false
event_feed_strings_text_derpy_ic_move_dwf_circuit_fail	Walk the Holds: Failure	false
event_feed_strings_text_derpy_ic_move_dwf_envoy_ok	Send an Envoy: Success	false
event_feed_strings_text_derpy_ic_move_dwf_envoy_fail	Send an Envoy: Failure	false
event_feed_strings_text_derpy_ic_move_dwf_diplomats_ok	Send Diplomats: Success	false
event_feed_strings_text_derpy_ic_move_dwf_diplomats_fail	Send Diplomats: Failure	false
missions_localised_title_derpy_ic_demand_office	A Party Demands an Office	false
missions_localised_description_derpy_ic_demand_office	A party demands a vacant office for one of its men. The party's card names the man and the office. Appoint him in time and its loyalty rises; miss the deadline or appoint someone else and it falls.	false
missions_localised_mission_completed_text_derpy_ic_demand_office	The party's man holds the office it demanded.	false
mission_text_text_derpy_ic_demand_office	Appoint the man named on its party card to the office it demands.	false
missions_localised_title_derpy_ic_demand_province	A Party Demands a Province	false
missions_localised_description_derpy_ic_demand_province	A party demands a province for one of its men. The party's card names the man and the province. Make him governor in time and its loyalty rises; miss the deadline or appoint someone else and it falls.	false
missions_localised_mission_completed_text_derpy_ic_demand_province	The party's man governs the province it demanded.	false
mission_text_text_derpy_ic_demand_province	Make the man named on its party card governor of the province it demands.	false
campaign_payload_ui_details_description_derpy_ic_demand_reward	The party's loyalty rises.	false
